subset,y,x.1,x.2,x.3,x.4,x.5,x.6,x.7,x.8,x.9,x.10
A,1,-2.973,0.036,-1.273,1.519,0.195,1.98,0.131,0.832,-1.157,-0.547
A,1,-3.055,0.088,-1.217,1.562,0.186,2.059,0.054,0.639,-1.121,-0.757
A,1,-3.366,-0.826,-0.405,1.643,0.603,1.226,0.524,0.293,-0.858,-0.668
A,1,-2.382,-0.294,-1.397,1.051,0.211,1.901,0.151,0.654,-1.286,-0.609
A,1,-2.698,-1.027,-0.94,1.796,0.392,1.33,0.866,0.781,-0.838,-0.663
A,1,-1.149,-0.904,-1.988,0.739,-0.06,1.206,0.864,1.196,-0.3,-0.467
A,1,-3.019,0.058,-1.265,1.497,0.171,1.997,0.178,0.847,-1.16,-0.548
A,1,-2.391,-0.347,-1.474,0.843,0.089,2.021,0.417,0.502,-0.86,-0.978
A,1,-4.052,0.35,-0.314,1.734,0.127,1.667,0.512,-0.377,-0.358,-0.855
A,1,-3,0.042,-1.238,1.529,0.187,2.028,0.104,0.759,-1.18,-0.634
A,1,-2.453,-0.32,-1.368,1.04,0.174,1.985,0.158,0.59,-1.318,-0.587
A,1,-3.337,-0.347,-0.79,2.129,-0.058,2.079,0.295,0.246,-0.687,-1.241
A,1,-3.117,0.146,-1.228,1.635,0.223,2.026,0.036,0.569,-1.15,-0.767
A,1,-3.705,-0.204,0.274,1.569,0.883,1.366,-0.94,-0.691,-0.162,0.598
A,1,-4.066,0.398,-0.382,1.679,0.121,1.617,0.504,-0.315,-0.226,-0.873
A,1,-3.644,-0.215,-0.579,2.307,0.046,1.945,0.28,0.272,-0.539,-1.226
A,1,-3.894,0.117,-0.407,1.973,0.043,1.891,0.411,-0.095,-0.436,-1.015
A,1,-2.377,-0.266,-1.371,1.09,0.24,1.843,0.107,0.702,-1.256,-0.62
A,1,-3.312,-0.776,-0.504,1.39,0.86,1.257,0.222,0.314,-0.715,-0.765
A,1,-2.46,-0.325,-1.404,0.928,0.122,2.049,0.274,0.532,-1.113,-0.769
A,1,-3.676,-0.185,-0.563,2.377,0.096,1.854,0.303,0.296,-0.358,-1.205
A,1,-1.093,-0.922,-2.091,0.844,0.009,1.247,0.891,1.453,-0.089,-0.4
A,1,-3.415,-0.538,0.241,2.038,0.622,1.027,-0.701,-0.66,-0.418,0.781
A,1,-3.137,0.077,-1.157,1.589,0.204,1.898,0.17,0.676,-1.033,-0.635
A,1,-1.784,-1.074,-1.661,1.324,0.289,1.303,0.924,1.307,-0.346,-0.521
A,1,-3.699,-0.251,0.268,1.585,0.85,1.381,-0.867,-0.71,-0.19,0.567
A,1,-2.463,-0.197,-1.264,1.15,0.234,1.833,0.066,0.738,-1.382,-0.498
A,1,-3.49,-0.474,0.187,1.747,0.733,1.307,-0.816,-0.787,-0.222,0.41
A,2,-3.033,0.7,-1.077,1.266,0.196,1.453,0.317,0.947,-0.324,-0.828
A,2,-3.303,0.702,-0.209,1.627,0.818,0.287,-0.541,-0.198,-0.717,0.768
A,2,-3.339,1.004,-0.747,1.505,-0.068,1.007,-0.017,0.377,-0.775,-0.899
A,2,-2.919,0.463,-0.716,0.957,0.635,0.833,0.501,0.048,-0.134,-0.638
A,2,-3.439,1.007,0.02,1.491,0.777,0.257,-0.777,-0.282,-0.707,0.746
A,2,-2.499,0.119,-0.82,0.346,0.347,1.696,0.245,0.689,-0.084,-0.596
A,2,-3.053,0.716,-1.024,1.422,0.184,1.473,0.261,0.983,-0.431,-0.717
A,2,-3.034,0.694,-1.007,1.453,0.155,1.48,0.179,1.005,-0.54,-0.563
A,2,-3.485,1.092,-0.674,1.395,-0.027,1.039,-0.047,0.384,-0.761,-0.934
A,2,-2.941,0.71,-0.855,0.902,0.635,0.924,0.466,0.01,-0.342,-0.588
A,2,-3.155,0.613,-0.285,1.287,0.882,0.337,-0.624,0.067,-0.516,0.891
A,2,-1.89,0.207,-1.161,0.027,-0.047,1.581,0.277,1.129,0.366,-0.25
A,2,-3,0.217,-0.855,0.803,-0.008,1.795,-0.01,1.07,-0.061,-1.046
A,2,-2.073,0.088,-0.73,0.296,-0.286,1.75,0.154,1.078,0.294,-0.174
A,2,-2.613,-0.092,-0.54,0.484,0.389,1.741,0.198,0.257,-0.375,-0.604
A,2,-2.966,0.659,-1.057,1.36,0.152,1.435,0.197,0.926,-0.45,-0.637
A,2,-2.913,0.757,-0.819,1.245,0.419,1.17,0.051,0.328,-0.96,-0.614
A,2,-2.904,0.458,-0.656,0.832,0.61,0.805,0.568,0.041,-0.114,-0.615
A,2,-1.358,0.136,-1.082,-0.148,-0.609,1.464,0.144,1.149,0.481,0.119
A,2,-2.957,0.596,-0.756,0.89,0.58,0.836,0.543,0.036,-0.232,-0.579
A,2,-3.711,1.377,-0.584,1.428,-0.033,1.062,-0.127,0.328,-1.092,-0.565
A,2,-3.871,1.694,-0.606,1.428,0.044,0.844,-0.013,0.126,-1.218,-0.553
A,2,-3.587,1.193,-0.617,1.34,-0.022,1.103,-0.072,0.368,-0.854,-0.767
A,2,-3.262,0.956,-0.791,1.528,-0.021,0.977,-0.121,0.499,-0.99,-0.621
A,2,-2.961,0.766,-0.8,0.962,0.658,1.012,0.347,-0.015,-0.425,-0.746
A,2,-3.266,0.577,-0.261,1.481,0.874,0.301,-0.496,-0.012,-0.623,0.879
A,2,-3.034,0.452,-0.946,0.931,0.128,1.514,0.142,0.932,-0.104,-0.974
A,2,-1.53,0.029,-0.925,0.054,-0.565,1.593,0.123,1.117,0.338,0.026
A,3,-2.677,0.486,-0.061,0.517,0.222,1.102,-0.425,-0.096,-0.373,-0.484
A,3,-2.633,0.672,-0.372,0.439,0.437,0.907,-0.402,-0.04,-0.366,-0.741
A,3,-2.676,1.411,-0.098,1.047,-0.04,-0.131,-0.56,-0.03,-0.192,0.705
A,3,-1.895,0.755,-1.388,0.638,-0.614,0.246,-0.033,0.693,-0.27,-0.346
A,3,-1.926,0.689,-1.433,0.716,-0.588,0.269,-0.044,0.716,-0.245,-0.285
A,3,-2.695,1.119,-0.986,0.172,0.499,0.372,0.088,0.63,-0.721,-0.256
A,3,-3.047,1.267,-0.799,0.507,0.524,0.507,0.044,0.302,-0.731,-0.431
A,3,-2.029,0.698,-1.482,0.813,-0.681,0.422,0.016,0.751,-0.3,-0.237
A,3,-2.207,1.09,-0.627,0.024,0.912,0.662,0.241,0.348,-0.702,-0.912
A,3,-2.817,1.268,-1.127,0.707,0.399,0.406,0.289,0.319,-0.691,-0.379
A,3,-2.012,1.134,-1.029,0.205,0.661,0.359,0.456,0.372,-0.939,-0.613
A,3,-2.318,1.097,-0.832,0.26,0.821,0.588,0.402,0.327,-0.852,-0.773
A,3,-2.594,0.621,-0.292,0.521,0.26,1.204,-0.337,0.261,-0.332,-0.51
A,3,-2.814,1.515,-0.088,0.597,-0.033,-0.29,-0.445,0.113,-0.136,0.662
A,3,-2.008,0.785,-1.489,0.654,-0.685,0.313,-0.085,0.856,-0.516,-0.053
A,3,-2.615,1.185,-1.162,0.395,0.459,0.345,0.298,0.456,-0.62,-0.307
A,3,-2.6,1.219,-1.315,0.589,0.311,0.364,0.451,0.35,-0.556,-0.314
A,3,-2.762,1.51,-0.145,1.157,-0.256,0.041,-0.647,-0.324,-0.128,0.806
A,3,-2.64,1.322,-0.111,0.861,0.026,-0.354,-0.425,0.083,-0.235,0.781
A,3,-2.289,1.106,-0.816,0.228,0.867,0.616,0.338,0.298,-0.843,-0.832
A,3,-2.306,1.086,-0.59,0.106,0.931,0.733,0.213,0.274,-0.684,-0.911
A,3,-2.505,0.632,-0.593,0.304,0.496,0.824,-0.162,0.181,-0.363,-0.764
A,3,-1.817,0.559,-0.801,0.234,0.011,1.215,-0.161,0.809,0.018,-0.382
A,3,-2.385,1.01,-0.754,0.37,0.785,0.471,0.415,0.318,-0.797,-0.679
A,3,-2.667,1.132,-1.054,0.232,0.537,0.352,0.163,0.55,-0.688,-0.295
A,3,-1.222,0.491,-0.716,0.004,-0.323,1.108,-0.148,0.773,0.387,-0.073
A,3,-2.045,0.819,-1.46,0.652,-0.701,0.352,-0.087,0.793,-0.567,-0.013
A,3,-1.929,0.777,-1.415,0.598,-0.579,0.215,-0.061,0.733,-0.333,-0.235
A,4,-2.131,1.487,-0.302,-0.272,0.012,0.067,0.149,0.022,-0.133,-0.322
A,4,-1.793,0.925,-0.739,-0.396,-0.211,0.329,-0.403,0.604,0.197,-0.251
A,4,-1.993,1.725,-1.13,0.556,-1.223,0.485,0.211,-0.04,-0.294,-0.548
A,4,-1.925,1.517,-0.999,0.634,-1.27,0.207,0.385,0.004,-0.141,-0.624
A,4,-1.969,0.835,-0.671,-0.27,0.028,0.4,-0.444,0.53,0.061,-0.343
A,4,-2.162,1.533,-0.267,-0.287,-0.026,0.122,0.168,-0.024,-0.268,-0.27
A,4,-1.716,1.186,-0.809,-0.515,-0.35,0.29,-0.404,0.678,0.172,-0.212
A,4,-2.104,1.6,-0.297,-0.071,-0.172,0.285,0.152,-0.089,-0.296,-0.37
A,4,-2.027,2.157,-0.297,-0.211,-0.266,0.086,-0.176,-0.179,-0.283,0.292
A,4,-1.899,2.135,0.092,-0.11,-0.145,0.081,-0.067,-0.104,-0.408,-0.099
A,4,-2.45,1.993,-1.08,-0.09,0.367,0.324,-0.164,0.684,-0.181,-1.013
A,4,-2.147,1.655,-0.355,-0.082,-0.194,0.296,0.146,-0.083,-0.314,-0.308
A,4,-2.395,1.929,-1.496,0.372,0.065,0.009,0.149,0.813,-0.484,-0.672
A,4,-1.928,1.578,-0.997,0.672,-1.287,0.381,0.249,0.006,-0.167,-0.637
A,4,-2.303,1.954,-1.493,0.305,0.047,0.056,0.026,0.902,-0.522,-0.645
A,4,-1.707,1.652,-1.012,-0.622,-0.293,0.279,-0.276,0.477,0.05,-0.2
A,4,-1.948,2.143,-0.068,-0.211,-0.238,0.263,-0.27,-0.238,-0.342,0.147
A,4,-2.175,1.631,-0.331,-0.203,-0.159,0.246,0.18,-0.093,-0.351,-0.267
A,4,-2.482,1.896,-1.289,0.112,0.285,0.096,0.022,0.832,-0.333,-0.764
A,4,-1.768,1.769,-1.142,-0.739,-0.086,0.12,-0.23,0.217,-0.009,-0.279
A,4,-2.316,2.007,-1.365,0.181,0.206,0.071,0.037,0.814,-0.332,-0.753
A,4,-2.101,1.502,-0.322,-0.363,0.026,0.116,0.162,-0.074,-0.106,-0.397
A,4,-2.382,1.984,-1.096,-0.103,0.369,0.204,-0.125,0.752,-0.136,-0.959
A,4,-1.998,1.497,-1.005,0.519,-1.236,0.398,0.273,0.151,-0.319,-0.49
A,4,-1.948,1.536,-1.012,0.537,-1.229,0.183,0.46,-0.002,-0.178,-0.576
A,4,-1.951,1.684,-1.039,0.586,-1.166,0.345,0.33,-0.108,-0.198,-0.609
A,4,-2.295,0.883,-0.619,-0.041,0.143,0.378,-0.602,0.335,-0.114,-0.391
A,5,-2.797,2.706,-1.936,0.147,-0.921,1.24,-0.082,-0.006,-0.214,-0.064
A,5,-2.968,2.149,0.13,0.676,-0.79,0.112,-0.507,0.762,0.625,-0.272
A,5,-2.7,2.686,-0.043,-0.528,-0.626,0.917,0.167,0.652,0.1,-0.937
A,5,-2.54,2.925,-0.377,-0.745,-0.562,0.981,0.303,0.539,0.127,-0.959
A,5,-2.247,3.42,-0.887,-0.823,-0.297,0.774,0.185,-0.242,-0.79,0.046
A,5,-2.639,1.88,-0.389,0.204,-0.571,0.094,-0.233,0.279,0.426,-0.598
A,5,-2.305,3.625,-1.203,-0.665,-0.296,0.775,0.197,-0.282,-0.842,0.188
A,5,-2.765,2.817,-2.02,0.213,-0.772,0.852,0.252,-0.193,-0.202,-0.093
A,5,-3.038,2.475,0.024,0.508,-0.737,-0.102,-0.358,0.706,0.6,-0.209
A,5,-2.544,2.725,-0.067,-0.787,-0.903,0.97,0.524,0.32,0.283,-0.822
A,5,-2.696,3.129,-0.52,0.294,-0.989,0.019,-0.066,1.106,0.361,-0.396
A,5,-2.914,2.541,-1.567,0.067,-1.051,1.207,0.006,0.289,-0.325,-0.343
A,5,-2.706,2.07,-0.691,0.31,-0.745,0.266,-0.413,0.602,0.36,-0.713
A,5,-2.823,2.743,-2.012,0.234,-0.919,1.103,0.091,-0.177,-0.143,-0.09
A,5,-2.769,2.906,-0.194,0.349,-0.958,0.089,-0.245,1.004,0.6,-0.336
A,5,-2.92,2.697,-0.116,0.451,-0.859,-0.035,-0.307,0.874,0.622,-0.301
A,5,-2.742,2.729,-0.129,-0.49,-0.573,0.868,0.07,0.771,0.053,-0.939
A,5,-2.263,3.344,-1.165,-0.625,-0.159,0.926,0.13,-0.33,-0.783,0.31
A,5,-2.596,1.867,-0.208,0.208,-0.574,0.146,-0.214,0.116,0.395,-0.541
A,5,-2.758,2.839,-0.282,-0.449,-0.485,0.788,0.12,0.792,0.023,-0.949
A,5,-2.565,1.871,-0.269,0.187,-0.656,0.267,-0.328,0.184,0.348,-0.511
A,5,-2.785,2.792,-1.924,0.225,-0.985,1.076,0.07,-0.071,-0.257,-0.135
A,5,-2.671,3.155,-0.514,0.133,-0.964,0.234,-0.071,1.192,0.254,-0.471
A,5,-2.723,1.975,-0.636,0.336,-0.677,0.156,-0.342,0.479,0.381,-0.729
A,5,-2.733,2.026,-0.71,0.377,-0.774,0.284,-0.469,0.693,0.205,-0.74
A,5,-2.79,2.665,0.036,-0.44,-0.604,0.811,0.098,0.723,0.134,-0.91
A,5,-2.8,2.609,-1.726,0.036,-0.941,1.039,0.191,0.044,-0.165,-0.234
A,6,-2.594,2.584,-0.37,-0.524,-0.177,0.515,-0.137,0.095,-0.731,0.072
A,6,-2.561,2.191,-0.955,0.214,-0.841,0.386,-0.083,0.74,-0.612,-0.196
A,6,-2.729,1.595,-0.15,0.167,0.015,0.377,0.083,-0.038,0.166,-0.672
A,6,-2.696,1.26,0.436,0.657,-1.161,0.805,0.062,0.575,0.182,-0.334
A,6,-2.445,2.678,-0.816,-0.743,0.076,1.117,-0.057,0.018,0.281,-0.72
A,6,-2.703,2.066,0.205,-0.63,-0.345,1.229,0.403,-0.032,0.247,-0.696
A,6,-2.464,2.755,-0.975,-0.651,0.158,1.047,-0.145,0.203,0.246,-0.745
A,6,-2.538,2.351,-1.029,0.146,-0.922,0.201,-0.058,0.835,-0.712,-0.074
A,6,-2.434,2.903,-1.341,-0.411,0.372,0.843,-0.022,0.336,0.123,-0.747
A,6,-2.58,1.608,-0.311,0.273,-0.148,0.262,-0.062,0.167,0.337,-0.692
A,6,-2.346,1.604,-0.283,0.393,-0.416,0.268,-0.463,0.387,0.253,-0.504
A,6,-2.625,1.551,0.298,0.324,-1.05,0.746,0.067,0.603,0.342,-0.413
A,6,-2.691,2.111,-1.067,0.174,-0.649,0.431,-0.017,0.655,-0.498,-0.292
A,6,-2.784,1.43,0.145,0.309,-0.931,1.342,0.017,0.589,-0.044,-0.273
A,6,-2.855,1.587,-0.03,0.202,0.165,0.445,0.207,-0.067,-0.013,-0.712
A,6,-2.889,1.418,0.409,0.61,-1.018,0.992,0.005,0.518,-0.027,-0.326
A,6,-2.489,2.401,-0.44,-0.367,-0.069,0.533,0.011,0.118,-0.621,-0.188
A,6,-2.592,1.617,0.267,0.38,-0.777,0.487,-0.206,0.733,0.592,-0.403
A,6,-2.937,2.183,-1.291,0.355,-0.372,0.57,0.045,0.452,-0.705,-0.263
A,6,-2.55,2.391,-1.137,0.09,-0.948,0.217,0.051,0.723,-0.558,-0.204
A,6,-2.458,1.586,-0.359,0.376,-0.244,0.134,-0.163,0.298,0.444,-0.711
A,6,-2.509,1.326,0.354,0.663,-0.724,0.418,-0.496,0.713,0.638,-0.204
A,6,-2.489,2.379,-0.523,-0.158,-0.178,0.406,0.198,0.059,-0.589,-0.256
A,6,-2.444,2.529,-0.487,-0.814,-0.151,1.285,0.077,-0.064,0.287,-0.638
A,6,-2.521,2.283,-0.954,0.232,-0.918,0.253,-0.094,0.833,-0.704,-0.092
A,6,-2.378,1.568,-0.243,0.407,-0.428,0.229,-0.293,0.297,0.372,-0.512
A,6,-2.505,2.358,-0.184,-0.792,-0.316,1.363,0.302,-0.121,0.214,-0.622
A,7,-2.484,0.559,0.624,1.951,-0.646,0.381,-1.106,0.036,0.24,1.291
A,7,-2.969,3.128,0.504,-0.487,-1.371,0.704,0.66,0.676,0.469,-0.525
A,7,-3.231,3.003,-1.161,-0.315,-0.816,0.87,0.311,0.677,-0.565,-0.7
A,7,-2.632,0.881,0.71,1.8,-0.75,0.33,-1.128,0.177,0.339,1.166
A,7,-3.045,3.312,0.171,-0.605,-1.027,0.924,0.353,0.897,0.365,-0.871
A,7,-2.702,3.596,-0.57,-1.041,-0.709,1.009,0.403,0.426,-1.013,-0.009
A,7,-3.297,2.88,-0.859,-0.301,-1.02,0.798,0.288,0.855,-0.528,-0.662
A,7,-2.71,0.809,0.754,1.903,-0.764,0.378,-1.123,0.162,0.405,1.163
A,7,-3.311,2.946,-0.808,-0.3,-0.457,0.324,0.515,0.149,0.533,-0.718
A,7,-2.776,3.557,-0.435,-1.044,-0.572,1.273,0.221,0.295,-0.986,-0.04
A,7,-3.242,2.901,-0.632,-0.332,-0.421,0.226,0.536,0.142,0.623,-0.616
A,7,-3.19,3.101,-1.659,-0.182,-0.436,0.828,0.272,0.502,-0.857,-0.516
A,7,-3.152,3.176,-1.573,-0.204,-0.485,0.723,0.308,0.652,-0.872,-0.586
A,7,-3.117,2.876,-0.746,-0.047,-0.427,-0.053,0.453,0.305,0.541,-0.489
A,7,-3.339,3.011,-1.264,-0.343,-0.119,0.498,0.589,0.078,0.221,-0.822
A,7,-2.951,2.64,0.832,-0.387,-1.502,0.272,0.756,0.538,0.616,-0.399
A,7,-3.008,2.882,-0.9,0.214,-0.565,-0.197,0.449,0.305,0.413,-0.3
A,7,-3.015,2.219,0.996,-0.455,-1.514,0.047,0.864,0.468,0.657,-0.343
A,7,-3.073,1.532,0.949,1.541,-1.058,0.272,-0.961,0.449,0.619,0.969
A,7,-3.338,3.033,-1.189,-0.269,-0.364,0.544,0.491,0.148,0.365,-0.931
A,7,-3.024,3.26,0.35,-0.577,-1.183,0.872,0.556,0.762,0.395,-0.665
A,7,-2.764,1.111,0.727,1.54,-0.855,0.261,-1.11,0.227,0.42,0.991
A,7,-3.239,2.916,-1.406,-0.455,-0.454,1.219,0.078,0.383,-0.776,-0.413
A,7,-2.898,3.393,-0.409,-0.993,-0.587,1.322,0.24,0.231,-1.068,-0.094
A,7,-3.173,3.166,-1.501,-0.37,-0.437,0.974,0.179,0.556,-0.794,-0.549
A,7,-2.733,1.088,0.761,1.694,-0.833,0.292,-1.069,0.266,0.369,1.034
A,7,-2.973,3.557,-0.396,-0.719,-0.669,0.923,0.293,1.009,0.14,-1.098
A,8,-4.069,4.205,-0.614,-0.06,-1.462,0.476,0.381,0.589,0.405,-0.259
A,8,-4.033,4.071,-0.586,0.127,-1.447,0.62,0.197,0.711,0.48,-0.306
A,8,-3.911,3.703,-1.965,0.132,-0.209,0.929,0.811,0.495,-0.142,-0.519
A,8,-3.823,3.536,-2.07,0.245,-0.442,1.125,0.73,0.538,-0.006,-0.64
A,8,-4.074,4.187,-0.555,0.052,-1.603,0.73,-0.061,0.981,0.249,-0.25
A,8,-4.048,3.753,-1.15,-0.209,-0.53,0.871,0.445,0.716,-0.131,0.139
A,8,-4.064,4.106,-0.545,0.03,-1.645,0.904,0.103,0.907,0.05,-0.322
A,8,-3.376,3.327,-0.797,-0.849,-0.681,1.198,0.838,0.244,-0.298,-0.618
A,8,-4.122,3.177,0.529,-0.176,-1.307,0.132,-0.279,1.353,0.458,-0.009
A,8,-3.356,3.236,-0.653,-0.9,-0.661,1.43,0.901,0.395,-0.139,-0.726
A,8,-3.979,3.661,0.169,-0.598,-1.412,0.569,0.009,1.939,0.094,-0.149
A,8,-3.44,3.203,-0.698,-0.86,-0.542,1.503,0.922,0.467,-0.183,-0.919
A,8,-4.039,3.689,-1.007,-0.139,-0.542,0.587,0.535,0.465,0.194,0.168
A,8,-3.835,3.339,0.29,-0.126,-1.68,0.195,-0.368,1.328,0.523,0.861
A,8,-3.983,3.695,0.096,-0.333,-1.01,0.169,-0.108,1.674,0.262,-0.231
A,8,-4.103,3.812,0.255,-0.103,-0.994,0.097,-0.345,2.039,0.02,-0.43
A,8,-3.989,3.049,0.304,0.209,-1.26,-0.205,-0.735,0.862,0.551,1.114
A,8,-4.089,3.712,0.315,-0.05,-0.929,0.018,-0.35,1.77,0.244,-0.301
A,8,-3.888,3.085,0.436,0.142,-1.526,-0.052,-0.503,1.085,0.511,0.976
A,8,-4.049,4.039,-0.558,0.064,-1.676,1.024,0.047,1.024,-0.091,-0.283
A,8,-4.047,3.899,-0.423,0.147,-1.273,0.203,0.317,0.531,0.584,-0.11
A,8,-4.052,3.747,-1.24,-0.299,-0.426,0.917,0.517,0.716,-0.21,-0.125
A,8,-3.977,3.684,-1.242,-0.364,-0.217,0.594,0.759,0.6,0.069,-0.25
A,8,-3.878,3.816,-0.155,-0.668,-1.207,0.541,0.022,1.972,-0.029,-0.29
A,8,-3.958,4.132,-0.074,-0.19,-1.184,-0.11,-0.679,1.198,0.442,0.563
A,8,-3.992,3.342,0.167,0.086,-1.23,-0.216,-0.824,0.837,0.521,0.978
A,8,-3.816,3.426,0.224,-0.384,-1.733,0.434,-0.322,1.333,0.653,0.577
A,9,-3.776,1.752,0.92,0.722,-1.164,0.774,-0.01,0.657,0.248,1.055
A,9,-3.915,2.158,0.781,0.643,-1.023,0.598,-0.718,0.274,0.376,0.77
A,9,-4.235,3.775,-1.593,0.814,0.288,0.805,-0.566,-0.247,-0.409,-0.556
A,9,-3.863,3.245,-0.996,0.486,-0.348,0.19,0.558,1.342,0.176,-0.318
A,9,-4.139,3.363,-1.464,0.459,-0.066,1.045,-0.146,0.172,-0.124,-0.864
A,9,-3.824,1.832,1.093,1.024,-1.09,0.56,-0.336,0.299,0.126,1.005
A,9,-3.947,2.102,0.305,0.462,-0.765,1.037,-0.618,0.741,0.345,0.269
A,9,-3.989,3.582,-1.1,0.374,-0.12,0.291,0.663,0.96,0.023,-0.477
A,9,-4.039,3.506,-0.964,0.041,-0.4,0.976,0.65,0.659,-0.216,-0.327
A,9,-3.96,3.373,-1.235,0.152,0.031,0.664,0.558,0.841,-0.133,-0.317
A,9,-3.896,2.768,-0.816,-0.014,-0.125,0.168,0.307,1.203,0.246,-0.118
A,9,-4.13,3.105,-1.141,0.183,-0.498,1.324,-0.399,0.675,-0.339,-0.694
A,9,-3.909,3.674,-0.648,0.088,-0.365,0.199,0.424,0.336,-0.012,-0.252
A,9,-3.81,1.91,0.527,0.478,-0.972,0.945,-0.28,0.719,0.482,0.829
A,9,-4.101,2.84,-0.802,0.062,-0.733,1.304,-0.145,0.443,0.049,-0.611
A,9,-3.839,1.248,0.83,0.982,-1.11,0.617,-0.751,0.084,0.309,1.125
A,9,-4.094,3.586,-0.845,-0.026,-0.538,0.964,0.666,0.647,-0.412,-0.477
A,9,-3.961,4.144,-0.934,-0.089,-0.612,0.787,0.326,0.182,-0.487,-0.719
A,9,-4.142,3.454,-0.653,0.271,-0.598,0.793,0.563,0.52,-0.118,-0.33
A,9,-4.083,2.315,-0.375,0.52,-0.019,-0.211,-0.172,1.054,0.387,0.168
A,9,-4.047,2.626,-0.597,0.823,-0.266,0.048,0.049,0.882,0.359,-0.203
A,9,-4.13,3.291,-1.424,0.359,-0.273,1.297,-0.454,0.62,-0.527,-0.709
A,9,-4.135,3.651,-0.751,-0.066,-0.789,1.131,0.496,0.788,-0.883,-0.351
A,9,-3.828,3.188,-0.388,0.055,-0.185,-0.029,0.503,0.273,0.326,0.1
A,9,-4.019,3.52,-1.058,-0.2,-0.545,1.348,0.351,0.82,-0.868,-0.434
A,9,-4.174,3.54,-1.43,0.417,0.267,0.918,-0.118,-0.267,-0.162,-0.71
A,9,-4.172,3.07,-0.781,0.516,-0.627,1.006,0.531,0.441,-0.102,-0.456
A,10,-4.494,1.535,-0.495,1.715,0.044,1.892,-0.367,0.362,-0.583,-0.291
A,10,-4.138,1.128,-0.601,1.553,-0.019,2.039,-0.176,0.262,-0.551,-0.362
A,10,-4.457,1.512,-0.514,1.764,0.063,1.86,-0.332,0.189,-0.521,-0.415
A,10,-4.718,3.281,-0.203,0.651,-0.883,1.413,-0.663,0.583,0.237,-0.307
A,10,-4.717,0.829,0.853,1.98,-0.546,0.688,-0.434,-0.424,-0.636,1.245
A,10,-4.805,3.228,-0.501,0.602,-0.532,0.745,0.09,0.445,0.756,-0.42
A,10,-4.386,3.055,0.075,-0.018,-0.436,0.566,-0.288,0.936,-0.577,-1.01
A,10,-4.028,0.982,-0.648,1.478,-0.048,2.108,-0.146,0.467,-0.654,-0.193
A,10,-4.756,0.965,0.959,2.287,-0.527,0.454,-0.41,-0.362,-0.862,1.088
A,10,-4.753,3.421,-0.189,0.656,-0.984,1.443,-0.652,0.546,0.123,-0.326
A,10,-4.617,3.033,-0.909,0.604,-0.341,0.636,0.294,0.527,0.48,-0.558
A,10,-4.611,2.962,-0.856,1.161,-0.612,0.469,0.162,0.705,0.37,-0.916
A,10,-4.893,3.37,-0.464,0.538,-0.327,0.496,0.27,0.47,0.742,-0.141
A,10,-4.717,3.059,-0.682,0.532,-0.48,0.731,0.174,0.493,0.635,-0.473
A,10,-4.827,3.391,-0.099,0.599,-0.723,0.741,0.089,-0.214,0.518,-0.074
A,10,-4.319,1.338,-0.549,1.678,0.027,1.922,-0.228,0.161,-0.47,-0.442
A,10,-4.022,0.941,-0.623,1.461,0.02,1.904,-0.074,0.464,-0.541,-0.211
A,10,-4.683,0.773,0.888,2.302,-0.562,0.395,-0.401,-0.289,-0.839,1.165
A,10,-4.782,3.325,-0.071,0.663,-0.913,1.012,-0.033,-0.103,0.483,-0.202
A,10,-4.884,3.63,-0.279,0.496,-0.67,0.792,-0.005,-0.137,0.532,-0.184
A,10,-4.813,1.042,0.887,1.661,-0.534,0.747,-0.513,-0.448,-0.412,1.214
A,10,-4.982,1.538,0.96,1.253,-0.64,0.588,-0.484,-0.31,-0.246,1.18
A,10,-4.471,3.192,-0.161,0.117,-0.327,0.406,-0.201,0.919,-0.716,-0.933
A,10,-4.283,2.829,0.296,0.086,-0.544,0.501,-0.317,0.995,-0.34,-1.113
A,10,-4.602,3.043,-0.959,0.828,-0.298,0.315,0.423,0.57,0.387,-0.617
A,10,-4.848,1.115,0.932,1.615,-0.589,0.592,-0.446,-0.366,-0.447,1.294
A,10,-4.693,3.146,-0.136,0.587,-0.731,1.055,-0.104,-0.021,0.637,-0.192
A,11,-3.661,1.292,-0.433,0.34,0.098,0.363,0.246,0.911,-0.415,-0.507
A,11,-3.789,1.42,-0.372,0.568,0.123,0.185,0.078,1.006,-0.722,-0.391
A,11,-3.108,0.926,-0.389,0.249,-0.461,0.816,-0.226,0.818,0.387,0.303
A,11,-3.735,2.096,-0.818,0.463,-0.221,1.144,0.023,0.224,-0.745,-0.325
A,11,-3.664,1.119,-0.459,0.482,0.082,0.221,0.185,0.861,-0.237,-0.413
A,11,-2.982,0.522,-0.1,0.362,-0.66,1.115,-0.305,0.859,0.637,0.344
A,11,-3.689,1.367,-0.389,0.376,0.136,0.343,0.156,1.01,-0.611,-0.551
A,11,-3.731,1.927,-0.705,0.453,-0.372,1.149,0.046,0.323,-0.627,-0.331
A,11,-2.971,0.463,-0.195,0.323,-0.625,0.941,-0.327,0.78,0.552,0.436
A,11,-3.242,1.802,-0.482,0.699,0.424,0.337,0.115,0.272,-0.205,-1.074
A,11,-3.407,1.821,-0.675,0.765,0.256,0.469,-0.09,0.322,-0.387,-0.968
A,11,-3.189,2.62,-0.833,0.45,0.009,0.444,-0.348,0.126,-0.614,0.081
A,11,-3.548,1.611,-0.85,0.374,0.168,0.318,0.463,0.863,-1.131,-0.334
A,11,-3.012,2.252,-0.806,0.389,-0.11,0.649,-0.328,0.321,-0.559,0.234
A,11,-3.265,1.933,-0.316,0.602,0.438,0.336,0.048,0.134,-0.16,-0.991
A,11,-3.725,1.904,-0.737,0.433,-0.369,1.047,0.12,0.425,-0.678,-0.391
A,11,-3.329,1.788,-0.517,0.597,0.503,0.278,0.121,0.176,-0.159,-0.98
A,11,-3.73,1.872,-0.801,0.555,-0.427,0.791,0.196,0.65,-0.744,-0.372
A,11,-3.7,1.841,-0.675,0.441,-0.383,0.89,0.176,0.594,-0.677,-0.408
A,11,-3.285,1.547,-0.897,0.917,0.127,0.402,-0.011,0.502,-0.557,-0.715
A,11,-3.756,2.204,-0.716,0.529,-0.284,1.121,0.022,0.127,-0.782,-0.394
A,11,-3.209,1.85,-0.394,0.555,0.425,0.313,0.067,0.077,-0.163,-0.944
A,11,-3.067,2.549,-0.851,0.505,0.044,0.574,-0.377,0.147,-0.606,0.189
A,11,-2.895,0.682,-0.151,0.218,-0.689,1.118,-0.264,0.922,0.757,0.327
A,11,-3.366,1.952,-0.898,0.258,0.282,0.835,0.29,0.681,0.431,-0.461
A,11,-3.707,1.486,-0.494,0.402,0.183,0.186,0.234,1.029,-0.856,-0.408
A,11,-3.375,1.779,-0.822,0.382,-0.019,0.845,0.123,0.767,0.223,-0.337
B,1,-1.202,-0.253,-2.487,0.809,-0.367,2.169,0.32,1.034,-1.385,-0.706
B,1,-4.473,0.373,0.858,0.919,0.778,1.272,0.653,-0.216,-0.891,-0.627
B,1,-3.624,0.305,-0.708,1.758,-0.194,1.675,-0.273,0.561,-0.577,-0.843
B,1,-3.639,0.418,-0.67,1.779,-0.168,1.627,-0.388,0.529,-0.874,-0.814
B,1,-3.593,0.29,-0.782,1.707,-0.175,1.662,-0.137,0.493,-0.492,-0.926
B,1,-4.158,-0.342,0.9,1.09,0.56,0.955,0.395,-0.328,-1.52,-0.498
B,1,-3.604,0.235,-0.836,1.786,-0.153,1.642,-0.096,0.488,-0.524,-1.003
B,1,-1.656,-0.496,-1.719,0.363,-0.002,1.637,0.535,1.319,-0.012,-0.49
B,1,-1.384,-0.321,-2.266,0.937,-0.289,2.29,0.463,1.096,-1.436,-0.701
B,1,-1.507,-0.457,-1.728,0.256,-0.081,1.571,0.556,1.291,0.121,-0.456
B,1,-4.275,0.162,0.728,0.662,0.94,1.269,0.711,0.073,-0.827,-0.655
B,1,-3.034,-1.274,0.263,1.521,0.66,1.622,-0.361,-0.468,-0.74,0.517
B,1,-1.823,-0.578,-1.624,0.52,0.052,1.711,0.535,1.318,-0.115,-0.505
B,1,-4.477,0.246,1.087,1.108,0.682,1.057,0.424,-0.264,-1.195,-0.52
B,1,-1.393,-0.305,-2.29,1.1,-0.254,2.327,0.363,0.795,-1.521,-0.756
B,1,-4.314,-0.106,1.044,1.192,0.687,0.763,0.158,-0.193,-1.342,-0.447
B,1,-3.485,-0.86,0.582,1.501,0.578,1.48,-0.663,-0.602,-0.318,0.575
B,1,-3.162,-1.137,0.3,1.44,0.688,1.645,-0.447,-0.518,-0.52,0.641
B,1,-1.417,-0.319,-2.254,1.072,-0.221,2.268,0.43,0.923,-1.486,-0.698
B,1,-1.953,-0.596,-1.543,0.619,0.056,1.742,0.592,1.289,-0.163,-0.523
B,1,-3.665,0.337,-0.641,1.791,-0.194,1.686,-0.359,0.57,-0.676,-0.841
B,1,-1.298,-0.295,-2.433,0.955,-0.278,2.252,0.285,0.915,-1.569,-0.562
B,1,-2.058,-0.61,-1.497,0.696,0.072,1.802,0.626,1.303,-0.192,-0.538
B,1,-3.39,-0.956,0.476,1.547,0.658,1.504,-0.65,-0.604,-0.295,0.616
B,1,-1.215,-0.288,-2.423,0.834,-0.379,2.266,0.503,1.337,-1.36,-0.682
B,1,-1.548,-0.4,-1.659,0.244,-0.101,1.562,0.551,1.248,0.129,-0.456
B,1,-3.653,0.373,-0.6,1.705,-0.222,1.765,-0.353,0.537,-0.797,-0.813
B,1,-4.102,0.209,0.414,0.423,0.985,1.434,0.663,0.036,-0.784,-0.668
B,2,-1.388,0.215,-1.105,-0.295,-0.39,1.282,0.356,0.816,0.292,-0.376
B,2,-3.062,0.351,-1.071,1.061,-0.355,1.99,-0.21,0.796,-0.358,-0.299
B,2,-1.537,0.043,-1.125,-0.213,-0.378,1.265,0.33,0.87,0.293,-0.393
B,2,-1.657,0.056,-1.044,-0.32,-0.316,1.321,0.638,0.8,0.298,-0.159
B,2,-1.077,0.511,-2.006,0.305,-0.584,1.962,0.089,1.406,-0.669,-0.027
B,2,-3.327,0.496,-0.694,1.365,-0.265,1.933,-0.363,0.51,-0.621,-0.488
B,2,-2.441,0.191,-0.814,0.255,0.411,1.636,0.395,0.761,-0.005,-0.564
B,2,-3.128,0.28,0.955,1.264,0.753,0.437,-0.841,-0.517,-0.473,0
B,2,-2.05,0.065,-0.938,-0.037,0.082,1.561,0.393,0.835,-0.029,-0.394
B,2,-3.118,0.356,0.377,1.447,0.868,0.407,-0.915,-0.546,-0.637,0.169
B,2,-3.046,0.387,-1.165,0.94,-0.386,1.978,-0.186,0.811,-0.394,-0.198
B,2,-1.425,0.256,-1.13,-0.284,-0.394,1.253,0.306,0.893,0.272,-0.378
B,2,-1.4,0.316,-1.894,0.83,-0.242,2.038,0.003,1.667,-0.515,-0.087
B,2,-3.224,0.487,0.822,1.324,0.753,0.352,-0.976,-0.562,-0.489,0.172
B,2,-1.012,0.516,-2.041,0.32,-0.634,1.969,0.041,1.414,-0.687,0.047
B,2,-0.941,0.539,-2.02,0.314,-0.679,1.897,0.028,1.504,-0.632,0.111
B,2,-1.856,0.063,-1.011,-0.238,-0.152,1.461,0.572,0.775,0.154,-0.31
B,2,-1.123,0.415,-1.954,0.563,-0.465,1.983,0.027,1.614,-0.568,0.007
B,2,-3.171,0.49,-1.128,0.911,-0.388,2.014,-0.212,0.707,-0.551,-0.187
B,2,-3.049,0.084,0.981,1.193,0.761,0.495,-0.714,-0.466,-0.568,-0.149
B,2,-0.961,0.514,-1.951,0.364,-0.68,1.895,0.047,1.539,-0.63,0.094
B,2,-1.495,0.117,-1.134,-0.249,-0.37,1.286,0.348,0.854,0.313,-0.376
B,2,-1.45,0.199,-1.127,-0.281,-0.372,1.287,0.369,0.855,0.303,-0.385
B,2,-1.895,-0.012,-0.97,-0.152,-0.161,1.509,0.487,0.809,0.044,-0.264
B,2,-3.165,0.408,-0.971,1.207,-0.298,1.921,-0.215,0.723,-0.492,-0.425
B,2,-3.237,0.436,-0.86,1.363,-0.251,1.915,-0.395,0.751,-0.774,-0.327
B,2,-1.372,-0.03,-1.003,-0.388,-0.471,1.141,0.654,0.823,0.558,0.043
B,2,-1.614,0.287,-1.195,-0.252,-0.257,1.251,0.281,0.898,0.188,-0.423
B,3,-2.12,0.894,-1.576,0.147,-0.707,1.559,-0.579,0.676,-0.809,-0.049
B,3,-1.28,0.798,-1.647,0.968,-0.418,1.609,-0.031,1.224,-0.374,0.044
B,3,-1.976,0.389,-0.947,-0.25,-0.065,0.949,0.127,0.478,-0.323,-0.345
B,3,-2.302,0.85,-1.646,0.455,-0.488,1.491,-0.617,0.819,-0.887,-0.08
B,3,-1.22,0.831,-1.674,0.94,-0.425,1.463,-0.063,1.135,-0.422,0.06
B,3,-2.105,1.035,-1.705,0.231,-0.558,1.554,-0.649,0.71,-0.855,-0.151
B,3,-1.764,0.888,-1.001,0.197,0.3,0.66,0.159,0.557,-0.301,-0.65
B,3,-1.814,0.923,-0.931,0.12,0.425,0.554,0.237,0.426,-0.184,-0.727
B,3,-1.332,0.848,-1.665,0.97,-0.463,1.522,-0.159,1.101,-0.541,-0.05
B,3,-1.816,0.458,-0.947,-0.341,0.085,0.75,0.144,0.462,-0.24,-0.266
B,3,-2.255,0.902,-1.723,0.454,-0.524,1.453,-0.614,0.761,-0.885,-0.118
B,3,-1.933,0.728,-1.015,0.27,0.199,0.78,0.192,0.706,-0.446,-0.595
B,3,-1.494,0.663,-1.58,1.191,-0.252,1.777,-0.072,1.189,-0.409,0.09
B,3,-2.681,0.531,0.252,1.239,0.469,-0.339,-0.652,-0.417,-0.246,0.412
B,3,-2.837,0.528,0.241,1.629,0.23,-0.545,-0.643,-0.231,-0.186,0.45
B,3,-1.921,0.719,-0.95,0.299,0.222,0.786,0.128,0.588,-0.462,-0.491
B,3,-1.891,0.988,-1.06,0.119,0.59,0.263,0.372,0.39,-0.376,-0.655
B,3,-1.945,0.352,-1.053,-0.228,-0.12,0.927,0.088,0.509,-0.279,-0.246
B,3,-1.79,0.793,-1.041,0.214,0.215,0.694,0.121,0.583,-0.403,-0.487
B,3,-2.081,1.05,-1.778,0.411,-0.518,1.46,-0.576,0.735,-0.866,-0.172
B,3,-1.768,0.786,-1.468,1.077,-0.347,1.704,-0.171,1.076,-0.691,-0.06
B,3,-1.501,0.847,-1.619,0.92,-0.488,1.616,-0.161,1.127,-0.613,-0.051
B,3,-1.709,0.486,-0.953,-0.346,0.02,0.786,0.145,0.564,-0.229,-0.322
B,3,-2.135,0.954,-1.632,0.121,-0.704,1.6,-0.628,0.713,-0.903,-0.027
B,3,-1.672,0.328,-0.833,-0.577,-0.363,0.84,0.18,0.682,-0.124,-0.109
B,3,-1.804,0.431,-1,-0.427,-0.094,0.848,0.084,0.636,-0.275,-0.214
B,3,-2.611,0.434,0.231,1.343,0.323,-0.378,-0.618,-0.219,-0.285,0.347
B,3,-2.689,0.528,0.157,1.501,0.349,-0.412,-0.49,-0.512,-0.277,0.422
B,4,-1.674,1.711,-1.04,1.136,-0.869,1.036,-0.157,0.946,-0.361,0.02
B,4,-1.577,0.907,-0.291,0.007,-0.256,-0.233,0.187,-0.052,-0.627,0.238
B,4,-1.501,1.611,-1.003,1.156,-0.883,0.901,-0.169,0.862,-0.151,0.164
B,4,-1.978,1.542,-1.487,-0.096,-0.025,0.32,-0.063,0.097,-0.073,-0.381
B,4,-1.737,1.789,-1.046,1.071,-0.775,1.041,-0.025,0.925,-0.452,0.007
B,4,-1.693,0.807,-0.038,-0.051,-0.174,-0.372,0.117,0.053,-0.611,0.3
B,4,-1.475,1.557,-1.009,1.202,-0.846,0.883,-0.138,0.822,-0.165,0.198
B,4,-1.914,1.473,-1.342,-0.013,-0.213,0.253,0.005,0.229,-0.009,-0.445
B,4,-2.076,1.413,-0.584,0.19,-0.35,0.518,-0.406,0.313,0.027,-0.724
B,4,-1.566,0.93,-0.181,-0.155,-0.164,-0.277,0.144,-0.047,-0.694,0.282
B,4,-2.312,1.746,-1.51,1.019,-0.99,0.941,-0.488,0.208,0.033,-0.847
B,4,-1.57,1.655,-1.04,1.16,-0.923,0.961,-0.231,0.955,-0.273,0.065
B,4,-2.089,1.695,-0.528,-0.232,0.385,-0.137,0.033,0.071,0.033,-0.744
B,4,-2.287,1.809,-1.498,1.012,-1.053,1.06,-0.567,0.235,-0.091,-0.795
B,4,-1.512,1.492,-1.053,1.262,-0.809,0.941,-0.122,0.807,-0.206,0.145
B,4,-2.304,1.784,-1.506,0.981,-0.961,0.806,-0.294,-0.002,0.119,-0.76
B,4,-2.051,1.508,-1.641,-0.058,-0.102,0.346,-0.021,0.109,-0.147,-0.298
B,4,-2.03,1.764,-0.386,-0.249,0.18,0.117,0.096,-0.121,0.067,-0.552
B,4,-2.026,1.75,-0.526,-0.131,0.266,-0.055,0.084,0.063,0.047,-0.691
B,4,-2.299,1.848,-1.695,1.065,-0.861,1.047,-0.607,0.313,-0.253,-0.759
B,4,-1.952,1.469,-1.375,0.105,-0.154,0.17,-0.047,0.336,-0.098,-0.41
B,4,-2.368,1.727,-1.556,1.162,-0.819,0.941,-0.572,0.345,-0.279,-0.736
B,4,-1.954,1.595,-1.593,0.37,-0.136,0.022,0.034,0.321,-0.19,-0.491
B,4,-2.007,1.814,-0.581,-0.027,0.127,0.081,0.089,-0.016,0.115,-0.719
B,4,-2.289,1.845,-1.616,0.987,-0.876,1.044,-0.549,0.196,-0.07,-0.814
B,4,-1.912,1.554,-1.455,-0.017,-0.118,0.27,-0.037,0.163,-0.027,-0.474
B,4,-2.052,1.483,-0.488,0.041,-0.131,0.273,-0.112,-0.064,0.307,-0.8
B,5,-2.55,2.629,0.084,-0.159,-0.882,0.093,-0.19,0.961,0.032,-0.589
B,5,-2.724,2.998,-0.56,-0.077,-0.944,0.548,-0.08,0.4,0.144,-0.63
B,5,-3.141,1.873,-1.131,0.941,-0.759,1.224,-0.354,0.016,-0.218,-0.568
B,5,-2.205,1.804,-0.199,1.773,-1.089,0.312,-0.621,1.247,0.137,0.406
B,5,-2.308,2.023,-0.203,1.493,-1.223,0.379,-0.481,1.403,-0.045,0.402
B,5,-2.758,2.067,-0.31,-0.543,-0.687,0.091,0.881,0.172,-0.454,-0.093
B,5,-2.507,1.528,0.852,0.331,-1.231,-0.259,-0.265,0.856,0.07,0.069
B,5,-2.274,1.653,-0.226,1.857,-0.971,0.327,-0.605,1.121,0.121,0.291
B,5,-2.654,2.39,-0.008,0.07,-1.063,0.304,-0.105,0.281,0.488,-0.382
B,5,-2.927,2.202,-0.532,-0.486,-0.519,0.585,0.813,-0.133,-0.475,-0.349
B,5,-2.598,1.938,-0.846,1.062,-1.633,0.764,0.394,-0.15,0.277,-0.396
B,5,-2.554,1.532,0.812,0.367,-1.208,-0.352,-0.252,0.894,0.05,0.084
B,5,-2.724,2.067,-1.142,0.923,-1.157,1.17,-0.276,0.172,-0.008,-0.649
B,5,-2.748,3.217,-0.976,-0.213,-0.792,0.771,-0.032,0.223,0.043,-0.825
B,5,-2.227,1.993,-0.156,1.554,-1.19,0.332,-0.548,1.362,-0.013,0.369
B,5,-2.635,2.147,-1.129,0.911,-1.407,1.095,-0.071,0.118,0.139,-0.685
B,5,-2.432,2.126,-0.218,1.422,-1.169,0.41,-0.393,1.326,-0.067,0.225
B,5,-2.911,1.928,-1.131,0.899,-0.911,1.111,-0.208,-0.047,-0.029,-0.539
B,5,-2.861,2.091,-0.411,-0.438,-0.643,0.317,0.817,0.104,-0.481,-0.252
B,5,-2.788,3.194,-1.142,-0.313,-0.58,0.357,0.281,0.082,0.109,-0.858
B,5,-2.559,2.3,0.408,-0.001,-1.077,0.125,-0.254,0.975,0.07,-0.47
B,5,-2.176,1.952,-0.144,1.659,-1.128,0.28,-0.658,1.346,0.008,0.505
B,5,-2.475,1.498,0.864,0.397,-1.17,-0.234,-0.388,0.825,0.16,0.057
B,5,-2.531,1.802,0.739,0.236,-1.169,-0.069,-0.349,0.903,0.123,-0.119
B,5,-2.54,2.144,-1.024,0.933,-1.567,1.024,0.188,-0.047,0.309,-0.633
B,5,-2.67,2.696,-0.231,-0.028,-1.014,0.486,-0.137,0.448,0.285,-0.482
B,5,-2.7,2.83,-0.389,0.032,-0.958,0.44,-0.168,0.519,0.169,-0.525
B,6,-2.489,1.773,-0.18,-0.152,-0.353,0.133,-0.186,0.207,0.788,-0.285
B,6,-2.826,2.003,-0.738,0.801,-1.669,0.939,0.245,-0.257,0.256,-0.458
B,6,-2.445,1.503,-0.677,-0.46,-0.14,-0.002,1.014,0.061,-0.599,0.175
B,6,-1.804,1.556,-0.803,1.388,-0.989,0.751,-0.029,0.963,-0.228,0.297
B,6,-2.441,1.415,0.386,-0.335,-0.187,-0.079,0,-0.175,0.792,-0.026
B,6,-1.824,1.682,-0.669,1.483,-1.036,0.711,-0.249,1.193,-0.274,0.224
B,6,-2.852,1.914,-0.755,0.825,-1.588,0.855,0.217,-0.246,0.238,-0.365
B,6,-2.375,1.642,0.308,0.255,-0.82,0.225,-0.092,0.874,0.367,-0.525
B,6,-2.351,1.53,0.086,-0.075,-0.426,0.125,-0.197,0.033,0.848,-0.038
B,6,-2.343,0.788,0.373,0.492,-0.667,0.279,-0.24,0.827,0.589,-0.267
B,6,-2.314,1.494,0.294,0.245,-0.769,0.05,-0.068,0.819,0.618,-0.572
B,6,-2.155,2.027,-0.393,1.354,-1.045,0.646,-0.246,1.279,-0.396,0.177
B,6,-2.321,1.303,0.32,-0.085,-0.278,0.001,-0.094,-0.283,0.852,0.022
B,6,-1.891,1.776,-0.518,1.461,-1.05,0.567,-0.307,1.152,-0.239,0.325
B,6,-2.291,1.146,0.352,0.354,-0.714,0.08,-0.181,0.787,0.709,-0.409
B,6,-3.015,2.232,-0.899,0.574,-1.331,0.546,0.61,-0.452,0.035,-0.156
B,6,-2.497,1.607,-0.621,-0.446,-0.226,-0.152,1.16,0.122,-0.809,0.495
B,6,-3.065,2.372,-1.002,0.496,-1.295,0.86,0.327,-0.404,0.067,-0.155
B,6,-2.385,1.241,0.272,-0.04,-0.692,0.16,-0.061,-0.189,0.744,0.088
B,6,-2.043,1.95,-0.435,1.341,-1.049,0.558,-0.237,1.237,-0.283,0.306
B,6,-2.555,1.421,-0.8,-0.233,-0.078,0.244,0.771,-0.112,-0.707,0.165
B,6,-2.125,1.952,-0.415,1.458,-0.985,0.52,-0.344,1.249,-0.37,0.145
B,6,-2.464,1.968,0.026,0.078,-0.542,0.074,0.051,0.596,0.26,-0.437
B,6,-2.431,1.873,0.208,0.123,-0.634,0.178,0.04,0.612,0.446,-0.562
B,6,-3.089,2.339,-0.973,0.463,-1.169,0.543,0.598,-0.45,-0.08,-0.039
B,6,-2.887,2.131,-0.83,0.682,-1.557,0.818,0.448,-0.382,0.207,-0.402
B,6,-2.554,1.117,0.42,-0.022,-0.645,0.02,0.145,-0.327,0.66,0.073
B,7,-2.679,1.731,-0.09,2.003,-1.009,0.038,-0.822,1.232,0.128,0.72
B,7,-2.834,0.654,0.733,1.434,-0.716,-0.028,-0.841,0.239,0.92,0.885
B,7,-3.193,2.026,0.83,0.813,-1.205,0.036,-0.95,0.786,1.045,0.21
B,7,-3.092,3.014,-0.307,-0.016,-0.956,0.195,-0.227,0.367,0.958,-0.092
B,7,-2.652,2.156,-0.053,1.694,-1.258,0.062,-0.61,1.397,0.133,0.602
B,7,-3.582,2.374,-0.358,1.162,-1.953,0.621,0.339,0.355,0.415,-0.259
B,7,-3.459,2.086,-0.595,0.937,-1.841,0.6,0.457,0.4,0.473,-0.211
B,7,-3.473,2.178,-0.82,0.706,-1.71,0.779,0.422,0.351,0.426,-0.267
B,7,-3.105,2.916,-0.207,0.031,-0.897,0.021,-0.229,0.256,1.073,-0.065
B,7,-2.574,1.814,-0.167,1.826,-1.156,0.12,-0.609,1.543,0.11,0.75
B,7,-3.559,2.126,-0.445,1.053,-1.765,0.349,0.546,0.321,0.443,-0.118
B,7,-2.607,2.406,-0.088,1.586,-1.477,0.164,-0.527,1.551,0.033,0.522
B,7,-3.146,3.076,-0.683,-0.032,-0.693,-0.06,-0.267,0.476,0.982,-0.352
B,7,-2.447,1.914,-0.208,1.641,-1.159,0.104,-0.539,1.58,0.058,0.786
B,7,-3.482,2.524,-0.433,1.048,-1.995,0.902,0.322,0.45,0.377,-0.366
B,7,-2.624,1.653,-0.156,2.023,-1.052,0.086,-0.752,1.341,0.196,0.71
B,7,-3.179,1.346,0.988,1.32,-0.852,-0.008,-1.234,0.347,1.02,0.771
B,7,-3.065,3.139,-0.461,-0.221,-0.759,-0.045,0.068,0.274,0.999,-0.331
B,7,-3.439,2.711,1.067,0.029,-1.12,-0.212,0.062,1.44,-0.353,-0.42
B,7,-3.533,2.319,1.085,0.247,-1.053,-0.429,-0.026,1.305,-0.243,-0.671
B,7,-3.054,3.104,-0.513,-0.085,-0.952,0.299,-0.269,0.459,0.892,-0.308
B,7,-2.933,0.717,0.829,1.508,-0.517,0.069,-1.163,0.021,0.866,1.066
B,7,-3.24,1.749,0.959,1.071,-1.188,0.018,-1.024,0.664,1.007,0.443
B,7,-3.141,3.314,-0.996,-0.394,-0.19,-0.312,0.137,0.631,0.547,-0.247
B,7,-3.406,2.403,1.025,0.108,-1.1,-0.316,0.099,1.541,-0.304,-0.671
B,7,-3.635,2.25,-0.394,1.012,-1.693,0.117,0.665,0.281,0.343,-0.003
B,7,-3.062,1.008,0.935,1.443,-0.579,0.068,-1.333,0.106,0.958,0.979
B,8,-4.074,2.281,0.152,1.556,-1.613,-0.047,0.222,0.252,0.775,0.125
B,8,-3.941,3.353,0.486,-0.506,-1.12,0.101,0.297,0.711,-0.078,0.648
B,8,-3.963,3.938,0.466,-0.564,-1.042,-0.064,0.241,0.888,-0.032,0.798
B,8,-3.565,1.363,0.958,1.976,-1.268,0.091,-1.363,0.72,0.738,1.145
B,8,-3.941,2.305,0.124,1.771,-1.815,0.593,-0.435,0.992,0.575,-0.301
B,8,-3.813,3.705,-0.157,1.561,-1.503,-0.366,-0.581,1.412,0.29,-0.099
B,8,-3.986,2.325,0.102,1.633,-2.014,0.576,-0.344,1.003,0.566,-0.245
B,8,-3.53,1.268,0.903,1.887,-1.279,0.008,-1.441,0.657,0.873,1.042
B,8,-3.566,1.504,0.94,1.829,-1.224,0.178,-1.454,0.92,0.767,1.059
B,8,-3.675,3.132,-0.241,1.587,-1.75,-0.222,0.039,1.052,0.545,0.233
B,8,-3.958,3.922,0.15,-0.265,-1.201,-0.249,0.202,1.163,-0.049,-0.039
B,8,-3.902,3.586,0.334,-0.669,-1.087,0.255,0.461,0.812,-0.185,0.535
B,8,-4.208,2.447,0.049,1.331,-2.088,0.585,-0.05,0.82,0.606,-0.302
B,8,-3.893,3.69,0.079,-0.151,-1.093,-0.518,0.198,1.583,-0.257,-0.169
B,8,-4.067,3.908,-0.065,-0.378,-1.163,0.065,0.508,1.003,0.03,-0.187
B,8,-3.836,3.699,-0.225,1.52,-1.729,-0.184,0.064,0.97,0.5,-0.13
B,8,-3.57,1.366,0.97,1.957,-1.262,0.002,-1.275,0.585,0.754,0.993
B,8,-3.834,3.749,-0.183,1.518,-1.585,-0.281,-0.334,1.191,0.425,-0.104
B,8,-3.917,3.496,0.409,-0.531,-1.15,0.017,0.605,0.977,-0.328,0.447
B,8,-4.238,2.437,0.036,1.158,-2.127,0.554,0.12,0.823,0.565,-0.293
B,8,-3.84,3.745,0.121,-0.656,-1.066,0.329,0.734,0.875,-0.295,0.418
B,8,-3.951,2.25,0.127,1.772,-1.906,0.567,-0.432,1.045,0.598,-0.293
B,8,-3.482,1.127,0.899,1.993,-1.385,-0.05,-1.273,0.647,0.844,1.044
B,8,-3.576,1.357,0.912,1.878,-1.166,0.039,-1.537,0.658,0.843,1.087
B,8,-3.693,3.067,-0.273,1.619,-1.905,0.045,0.006,1.347,0.346,0.36
B,8,-3.763,3.252,-0.262,1.52,-1.684,-0.225,0.235,0.989,0.616,0.046
B,8,-3.985,3.614,0.584,-0.42,-1.105,-0.174,0.348,0.885,-0.165,0.65
B,9,-3.478,1.703,-0.557,2.191,-1.043,0.339,-0.004,0.587,0.45,0.006
B,9,-4.267,3.01,0.172,0.028,-0.827,0.532,0.099,0.326,0.34,0.696
B,9,-4.232,3.035,0.428,0.497,-1.374,0.549,0.133,0.232,0.129,0.487
B,9,-4.071,2.754,-0.232,-0.262,0.356,0.694,0.381,0.5,-0.721,-0.859
B,9,-4.16,3.329,0.275,0.394,-1.287,0.693,0.483,0.121,0.286,0.153
B,9,-3.169,1.041,0.509,0.693,-1.185,0.673,-0.352,0.877,0.434,1.009
B,9,-3.546,1.258,-1.227,0.823,-0.702,1.734,-0.397,1.333,-0.277,0.013
B,9,-3.198,1.373,0.392,0.423,-1.203,0.656,-0.428,0.994,0.576,0.865
B,9,-3.783,1.974,-1.2,0.606,-0.65,1.504,-0.134,0.528,0.392,-0.58
B,9,-3.246,0.712,0.39,0.82,-1.352,1.074,0.197,0.857,-0.056,0.485
B,9,-3.05,1.6,-0.686,1.543,-1.149,-0.043,0.297,0.727,0.598,0.458
B,9,-3.155,1.021,0.455,0.624,-1.306,0.842,-0.123,0.909,0.328,0.876
B,9,-3.618,1.576,-1.14,0.699,-0.741,1.633,-0.387,1.086,0.235,-0.388
B,9,-4.136,3.582,-0.407,-0.038,-0.687,1.031,0.491,0.157,0.305,0.028
B,9,-4.079,2.663,-0.048,-0.315,0.234,0.861,0.335,0.435,-0.546,-0.928
B,9,-3.425,1.724,-0.638,1.573,-1.041,1.204,-0.124,1.258,0.548,-0.507
B,9,-3.299,1.73,0.187,0.121,-1.251,0.796,-0.366,1.091,0.493,0.436
B,9,-4.068,2.566,-0.068,-0.152,0.126,0.548,0.453,0.577,-0.543,-0.896
B,9,-4.161,2.937,0.157,0.336,-0.968,0.641,0.088,0.237,0.565,0.823
B,9,-4.323,2.853,0.385,0.209,-1.096,0.431,0.119,0.268,0.131,0.654
B,9,-3.86,2.116,-0.939,0.688,-0.675,1.679,-0.512,0.928,-0.167,-0.434
B,9,-3.712,1.816,-1.171,0.647,-0.767,1.698,-0.347,0.92,0.159,-0.359
B,9,-3.33,1.529,-0.552,2.023,-0.845,0.016,0.049,0.512,0.396,0.386
B,9,-3.145,0.863,0.416,0.699,-1.378,0.892,0.02,0.89,0.221,0.834
B,9,-3.543,1.391,-1.22,0.699,-0.769,1.579,-0.379,1.158,0.181,-0.178
B,9,-3.549,1.905,-0.509,1.963,-1.2,0.847,-0.157,0.842,0.625,-0.586
B,9,-3.545,1.926,-0.512,1.732,-1.109,1.006,0.021,0.82,0.731,-0.639
B,10,-4.333,2.438,-0.219,1.372,-0.761,0.306,0.594,-0.022,1.103,0.19
B,10,-3.74,1.832,-1.384,1.587,0.049,1.642,-0.516,0.707,-0.169,-0.522
B,10,-3.673,1.811,-1.405,1.621,0.044,1.572,-0.453,0.745,-0.066,-0.733
B,10,-3.772,0.904,-0.195,0.317,-0.473,1.31,-0.043,0.898,0.536,0.503
B,10,-4.521,1.43,0.162,0.58,-0.351,1.339,-0.259,0.81,0.431,-0.102
B,10,-4.188,2.637,0.502,0.552,0.735,0.395,-0.026,0.803,-0.874,-0.913
B,10,-4.759,2.696,0.104,0.697,-0.787,1.114,0.205,-0.066,0.369,0.306
B,10,-3.601,0.742,-0.238,0.332,-0.561,1.275,-0.014,0.844,0.558,0.659
B,10,-3.687,1.784,-1.593,1.603,0.123,1.424,-0.225,0.441,0.206,-0.714
B,10,-4.316,1.147,0.088,0.593,-0.314,1.316,-0.255,0.761,0.492,0.133
B,10,-3.648,1.812,-1.378,1.578,0.065,1.577,-0.466,0.702,0.06,-0.836
B,10,-4.376,2.216,-0.269,1.32,-0.66,0.159,0.719,0.008,1.058,0.472
B,10,-4.944,3.325,0.015,0.079,-0.593,1.047,0.337,0.296,-0.453,0.371
B,10,-4.65,2.455,0.013,0.681,-0.8,1.434,0.126,0.036,0.382,0.278
B,10,-3.972,2.279,-0.62,0.954,-1.09,0.719,0.717,0.3,1.309,0.171
B,10,-4.373,2.463,-0.171,1.501,-0.639,0.292,0.518,-0.114,1.127,0.332
B,10,-3.684,1.774,-1.728,1.611,0.1,1.393,-0.193,0.554,0.245,-0.919
B,10,-4.386,2.271,-0.157,1.536,-0.614,0.23,0.57,-0.117,1.074,0.397
B,10,-4.16,2.814,0.557,0.604,0.584,0.477,-0.272,0.784,-0.999,-0.781
B,10,-4.676,2.537,0.075,0.73,-0.933,1.493,0.049,0.076,0.254,0.276
B,10,-4.17,2.232,-0.389,1.211,-1.011,0.57,0.543,0.218,1.206,0.044
B,10,-4.314,2.322,0.58,0.279,0.702,0.532,-0.068,0.814,-0.917,-1.109
B,10,-3.869,1.86,-1.646,1.612,0.044,1.531,-0.493,0.862,-0.106,-1.001
B,10,-4.88,3.064,0.06,0.434,-0.575,0.897,0.25,0.085,0.093,0.445
B,10,-4.394,1.162,0.157,0.608,-0.409,1.352,-0.243,0.758,0.447,0.096
B,10,-4.066,1.05,-0.049,0.458,-0.357,1.331,-0.129,0.848,0.509,0.317
B,10,-4.52,2.231,-0.088,0.513,-0.528,1.246,0.198,0.242,0.161,0.769
B,11,-2.922,1.516,-0.002,-0.353,-0.464,1.184,0.383,-0.175,-0.346,-0.033
B,11,-3.082,1.633,-0.118,-0.147,-0.484,1.176,-0.086,-0.072,0.086,-0.564
B,11,-2.69,1.652,-1.261,0.674,-0.964,1.449,-0.593,1.005,-0.303,-0.541
B,11,-2.666,1.516,-1.198,0.741,-1.066,1.24,-0.574,0.965,-0.13,-0.711
B,11,-3.058,1.678,-0.351,-0.255,0.038,0.692,-0.173,0.226,0.202,-0.593
B,11,-2.562,1.361,-0.94,1.333,-1.047,1.208,-0.316,1.055,0.354,-0.77
B,11,-3.088,1.389,0.048,-0.216,-0.329,0.91,0.045,-0.075,0.101,-0.134
B,11,-2.91,0.918,-0.138,-0.382,0.115,0.29,0.418,0.757,-0.898,-0.189
B,11,-2.596,1.56,-1.249,0.656,-1.095,1.292,-0.55,1.006,-0.15,-0.553
B,11,-2.704,0.917,0.267,0.314,-0.756,0.818,-0.114,0.673,0.261,0.056
B,11,-3.02,1.033,-0.238,-0.286,0.088,0.235,0.372,0.563,-1.027,-0.151
B,11,-2.483,0.81,0.185,0.284,-0.917,0.73,-0.111,0.613,0.373,0.184
B,11,-2.608,0.839,0.203,0.305,-0.851,0.78,-0.143,0.607,0.344,0.106
B,11,-3.032,1.739,-1.141,0.737,-0.834,1.386,-0.575,0.679,-0.018,-0.823
B,11,-2.704,1.285,-0.908,1.57,-0.84,1.044,-0.399,0.951,0.345,-0.695
B,11,-2.867,1.391,-0.817,1.595,-0.883,1.143,-0.427,1.159,0.17,-0.456
B,11,-2.434,0.87,0.127,0.224,-0.811,0.666,-0.233,0.705,0.408,0.136
B,11,-2.923,0.919,-0.231,-0.307,0.075,0.265,0.403,0.691,-1.012,-0.157
B,11,-2.859,1.627,-1.14,0.769,-0.948,1.39,-0.608,0.956,-0.204,-0.727
B,11,-2.945,1.724,-0.312,-0.239,-0.447,1.36,0.014,-0.102,0.021,-0.564
B,11,-2.52,1.52,-0.959,1.296,-1.103,1.149,-0.268,1.249,0.092,-0.682
B,11,-2.979,1.795,-0.87,1.427,-0.93,1.323,-0.212,1.286,-0.135,-0.496
B,11,-3.03,1.185,0.314,-0.121,-0.591,0.965,0.353,-0.137,-0.221,0.075
B,11,-2.804,1.021,0.254,0.331,-0.654,0.854,-0.085,0.678,0.259,-0.031
B,11,-2.439,0.789,0.082,0.242,-0.693,0.595,-0.353,0.702,0.413,0.098
B,11,-2.946,1.649,-1.167,0.788,-0.909,1.3,-0.562,0.902,-0.07,-0.842
B,11,-2.53,1.492,-0.936,1.21,-1.154,1.316,-0.267,1.149,0.226,-0.77
