subset,y,x.1,x.2,x.3,x.4,x.5,x.6,x.7,x.8,x.9,x.10,x.11,x.12,x.13,x.14,x.15,x.16,x.17,x.18,x.19,x.20,x.21
A,1,-1.7088,0.3101,0.6625,1.5404,0.1534,1.1019,1.4566,2.7961,2.2157,5.1479,6.3004,2.7944,3.3497,2.0878,2.6987,4.2975,1.6246,0.0269,1.5343,0.8277,1.1176
A,1,-0.0155,0.3454,-1.3359,-0.4387,0.1055,0.9501,-0.5654,1.0648,2.4154,2.8962,3.3246,3.9001,4.0449,4.1856,5.0431,2.2205,1.3213,1.0805,0.7426,-1.4409,0.1266
A,1,0.175,-0.9184,-0.0219,0.7027,1.5606,-0.288,-0.204,1.4891,-0.0281,2.8817,2.7834,1.9065,5.9882,3.1002,4.321,3.5566,3.9913,2.6042,0.5269,1.6531,-1.1186
A,1,-0.5902,0.3321,0.1171,-0.7374,-1.3473,-1.2582,1.4668,-0.6846,1.8268,4.0804,2.8041,5.9141,3.2117,3.869,3.9164,3.5486,2.4907,1.5826,1.9789,0.2784,-0.0859
A,1,-0.4023,-0.8798,0.7787,0.2918,-1.0898,-0.3524,-0.1084,1.1925,3.6921,3.075,5.3532,4.3906,3.2987,2.9757,2.9989,1.13,1.8038,3.2577,2.5031,0.644,-1.6505
A,1,-0.3341,0.6776,-1.0636,-0.4059,-0.8944,2.1039,-0.1328,4.2901,2.4435,6.2243,5.8081,4.642,4.4125,3.8373,1.2856,0.9596,-0.0797,0.8727,0.2911,0.0857,-0.901
A,1,0.6593,0.1078,-0.0115,0.6503,1.7163,0.7043,2.8075,-0.1841,2.6482,2.4423,3.1271,2.0395,5.0555,5.1527,7.5614,2.6994,3.3772,1.8415,1.8591,1.6566,-0.4853
A,1,0.1641,1.0629,0.2984,-0.655,-0.1736,1.5626,0.7997,1.5758,-1.4763,1.6984,0.6932,4.7518,3.4174,5.2479,5.1686,6.6418,1.5364,4.2757,0.71,-0.0981,0.0286
A,1,1.4184,-1.7756,1.3854,1.3291,1.1679,-0.1488,1.0651,1.9511,5.5181,5.1415,7.2169,2.4965,3.9391,4.6705,2.0459,1.0363,0.3796,0.037,-0.6848,0.3812,-0.3253
A,1,0.266,0.148,0.2094,0.516,-1.7263,-0.4452,-0.6993,0.123,0.9495,1.8405,2.2751,4.0478,2.243,2.2442,3.3974,5.8438,3.5411,1.0753,1.1915,0.2819,-1.4036
A,1,2.8033,-1.376,-0.1189,0.3372,0.3354,0.7808,1.47,1.554,1.7868,1.9839,2.479,2.1918,4.472,2.2655,4.9931,5.2256,2.1813,0.1358,1.517,1.009,0.0767
A,1,-0.8957,0.9264,1.9955,1.2169,-0.5284,0.9526,1.2106,2.1875,3.688,4.3563,5.0249,4.879,4.7764,2.672,2.4365,2.5407,2.8416,1.2975,0.8458,0.0716,-0.7078
A,1,0.7899,0.1485,1.2734,0.7276,1.5161,0.1325,1.6109,3.9911,3.6799,4.9365,4.8435,4.8369,2.4591,3.1063,1.1672,2.8623,0.9861,0.6495,2.2812,0.2692,-0.0337
A,1,0.9388,0.893,-0.8339,0.9644,0.3876,0.842,0.315,1.8494,1.2,3.4221,2.7428,3.6367,4.72,3.9373,4.266,2.0943,3.5545,-0.0906,2.225,0.8726,0.2917
A,1,1.6391,1.9492,0.1194,1.0926,0.7584,1.6993,0.7163,1.1543,2.9703,3.2902,4.8559,3.794,4.6073,4.7786,3.7753,0.3427,0.3419,0.8487,0.2338,0.4599,0.1067
A,1,1.6879,0.3878,-0.4071,1.1117,0.8775,1.0205,-0.6284,2.2432,1.8032,4.3625,3.9797,1.5742,1.4599,4.3148,4.7107,2.1449,1.5748,1.1578,0.856,0.7791,0.2386
A,1,-0.278,1.3609,-1.7824,0.9276,0.2372,1.6344,0.9494,1.4114,3.0957,4.1733,5.5575,4.6375,5.4862,2.9284,4.4875,1.9388,2.2858,1.0286,0.0527,1.5151,0.651
A,1,1.2045,-1.0189,0.0348,-1.2823,0.1467,0.7867,0.9879,0.7691,1.4731,4.592,2.6775,2.3053,2.1403,3.3493,3.8038,4.6486,3.181,2.4078,0.8091,1.9961,0.2516
A,1,-0.5659,1.599,-1.7244,-0.1865,-1.4749,1.341,0.547,1.8276,-0.0144,0.9963,3.5886,4.2826,5.1499,5.6122,4.0534,3.5995,3.3071,2.803,1.1938,2.0158,-0.5669
A,1,-0.1246,-0.3845,0.7963,-0.1663,0.0118,1.857,-0.4739,1.3492,1.0612,2.0288,2.6348,3.9582,3.0757,4.7714,4.6307,2.6837,1.5171,1.4421,2.9518,0.964,1.6824
A,1,-1.4197,0.3432,0.4479,-1.6835,0.4577,0.5451,1.8606,2.2074,2.7314,4.3996,3.5507,1.8529,4.4984,1.7046,3.0339,2.2046,-0.0721,0.6392,0.6576,0.1264,-0.4403
A,1,0.3266,2.066,1.2683,-0.4706,-2.1376,0.3216,0.8963,2.0251,0.0455,2.9644,5.4433,3.1565,4.946,3.8103,4.5771,2.7094,1.7312,1.7608,0.7542,1.6885,-0.07
A,1,0.1555,0.8414,-0.9238,0.8093,-0.9513,0.5331,0.3501,0.6635,-0.0463,3.7158,3.2151,3.1067,2.4761,5.2898,6.0475,4.2094,2.5708,2.6275,1.2967,2.7669,-0.5273
A,1,0.5772,-0.5196,0.788,1.1902,0.2987,0.2942,2.1467,2.9864,3.7633,5.5387,5.9696,5.9941,4.6198,5.5407,2.6398,2.7443,-1.0337,1.1981,-0.1004,-0.7946,-0.4385
A,1,0.4861,-0.4649,1.2132,-1.1058,-0.0671,2.7306,1.2528,0.9059,4.4186,5.2858,2.6811,4.333,4.0043,3.0918,4.3629,2.1307,1.902,1.6976,1.2679,1.4151,-2.9593
A,1,-0.8948,-0.2655,2.3039,-1.0023,-0.961,-0.5868,0.7141,0.2621,-1.4601,0.5934,0.5443,2.5303,5.0626,5.3025,6.2876,5.0677,3.9193,2.6117,2.454,1.5755,-1.9477
A,1,-0.6794,-0.9407,-0.5312,1.6612,-0.8963,-0.0728,1.0546,1.7714,2.1501,1.883,4.3028,4.7506,3.3838,5.2751,5.6995,2.7227,3.242,1.2718,0.8485,3.3375,-1.1059
A,1,1.3656,-0.1187,0.6193,0.6656,0.5118,1.3712,4.1063,3.5163,4.0081,5.3014,4.9008,4.6309,2.202,2.8071,2.678,-1.2796,-0.8868,-0.7732,0.7554,0.0147,0.1274
A,1,0.7564,-0.5671,0.8794,0.5403,0.1216,2.2257,2.78,0.7179,3.7176,2.7371,4.2566,3.1316,3.8436,3.9158,3.9492,3.4038,4.17,2.6731,0.894,0.7491,0.9408
A,1,-0.7395,-0.8758,-0.669,-0.975,-0.7113,1.6098,0.5041,2.6297,1.5939,3.7265,3.8937,4.0308,4.7725,3.314,3.4046,0.6898,0.6309,-0.4085,1.1951,-2.894,-0.2557
A,1,0.3526,-0.2562,0.5073,1.4635,-0.551,2.8407,0.987,2.0269,1.0063,2.8801,4.2313,4.6185,5.6249,3.7389,2.6282,2.49,2.032,0.3568,0.883,0.234,-0.5166
A,1,-0.1988,1.0948,1.6113,0.6085,-0.3019,0.9992,2.6709,2.4218,1.4301,1.7083,4.6608,5.2485,3.4798,2.8272,3.9872,3.7147,3.866,2.4383,-0.6268,0.9662,-1.8089
A,1,-0.4818,0.2462,1.67,0.9978,-0.5919,-0.0687,-0.5835,-0.9206,1.4389,3.0525,3.0073,4.2645,2.9926,5.9302,5.4906,4.8429,2.9908,1.709,1.2911,2.356,0.4538
A,1,-0.0998,0.5329,-1.9114,-2.4069,-1.3431,1.9192,0.0031,0.6519,1.0711,4.4871,5.3205,4.5298,5.1524,3.4128,1.7516,2.3024,1.0618,0.6009,1.8733,1.7401,-0.2913
A,1,0.8104,2.0795,-0.1386,0.441,0.1437,-0.2992,1.6959,-0.1373,0.7212,1.4959,4.5695,2.8981,5.1926,5.4797,3.2043,3.4949,2.2444,3.7574,1.4476,0.9497,-2.0144
A,1,0.1795,0.6063,0.9649,1.4859,0.8263,-0.5783,1.6689,1.4802,0.4292,2.3952,3.4374,3.7415,3.6337,6.4965,3.9598,1.942,1.3487,-0.2764,1.1178,1.6961,0.8183
A,1,-0.6009,0.862,0.6969,-1.4619,-0.361,0.9115,1.4983,2.5733,3.1068,3.7111,3.1076,3.1928,3.9341,4.6728,3.1382,5.2838,2.5315,2.7239,0.3247,0.0315,-0.3508
A,1,-0.234,0.6596,-1.6693,1.1322,0.8508,0.4419,0.5127,4.8775,2.8486,4.8834,4.6132,5.9433,4.1841,6.2885,4.9757,1.9522,1.9169,1.1814,-0.1524,0.2578,-1.0974
A,1,2.4546,0.9006,-0.258,-1.0168,-2.0011,-1.0524,1.6399,2.4216,3.473,2.5763,5.9084,5.7056,5.5604,3.241,2.0862,0.6973,1.3438,0.5235,0.188,-0.5766,0.6608
A,1,0.2975,-0.1721,0.4143,-0.645,-0.6774,2.4912,1.995,2.2331,4.9894,5.6707,6.4126,5.3509,4.8109,3.2494,3.1159,-0.4774,0.4336,-0.807,-1.4372,-0.1997,-0.322
A,1,0.1822,0.1061,-1.0177,0.3914,-0.3856,0.9762,-0.5922,1.0074,1.593,0.5518,3.4272,3.8007,4.2465,4.2436,3.8285,3.3685,4.4941,1.5546,-0.1755,-0.238,0.4528
A,1,2.3801,-2.5948,1.6137,0.2928,0.3059,0.4409,4.2764,3.1716,1.9541,2.7303,5.2844,4.4762,3.215,6.7635,2.1965,2.2263,0.7658,1.6748,2.3144,0.361,0.1695
A,1,1.166,0.6461,0.1249,-0.8336,-0.7605,0.6601,2.1254,3.3449,2.26,1.6767,1.4603,2.9081,3.4824,4.3851,5.5711,5.0142,2.9758,3.0622,0.0742,0.4997,-0.0632
A,1,-0.127,0.3288,-0.8523,0.2177,0.4525,0.7762,2.7309,3.4511,4.5428,6.3402,5.1257,5.3596,5.4277,3.1539,1.5543,0.9872,-0.0095,-1.0829,0.4182,-0.1476,-1.2582
A,1,2.5781,-0.6872,1.9336,0.1616,-0.5689,0.879,0.2856,0.994,0.369,2.4701,1.6751,5.6643,3.8306,5.4085,6.1983,4.3215,4.4862,0.5467,1.3787,0.4827,0.0871
A,1,-0.6321,-1.4655,0.9511,-0.9938,-0.3318,0.9274,0.8675,3.5345,4.0274,3.4629,6.0013,4.9744,4.3915,4.6566,4.0174,2.2318,2.4888,-0.0633,-2.0586,-0.0102,-1.1302
A,1,-0.347,0.6371,-1.1277,0.8692,-0.4237,-0.9176,1.8035,1.0887,1.8312,3.1777,2.4571,2.4996,5.1061,4.9197,4.1718,4.2041,1.202,1.7641,1.0283,1.5411,-0.6526
A,1,0.1295,-0.8873,-0.4875,-0.5377,-2.8486,-0.5479,1.2326,2.7073,2.4614,4.7749,4.4656,5.8623,5.6441,3.628,1.688,2.2518,1.0079,1.2774,-0.1986,0.7523,-0.1209
A,1,0.3386,-0.5562,0.9696,-0.3539,0.5817,1.6306,3.3187,3.3868,3.2009,3.3719,7.1756,5.2467,3.853,-0.0983,3.1899,2.0342,2.2856,1.7313,-2.1695,0.1239,-0.2976
A,1,-1.0504,-0.5457,-1.2955,0.9163,0.0025,0.6987,2.4915,0.2706,3.042,5.3728,4.9919,3.6573,3.2871,3.0185,3.5074,2.9259,0.5449,1.7896,-0.0466,-0.2863,-0.6802
A,1,0.0695,-1.731,-0.5586,0.9473,-1.0113,1.0672,1.8305,2.0039,3.303,6.017,6.3159,7.0697,4.2622,1.463,1.6752,0.8522,-1.0217,-1.6246,2.0417,-1.8313,-1.0652
A,1,-0.6603,0.3455,-1.7489,-1.3792,-0.0309,0.5916,1.1626,3.1528,4.749,4.7777,6.0745,5.1474,3.4228,2.6359,2.8264,-0.0807,-1.9552,-1.0396,0.5859,0.217,1.2814
A,1,-1.3237,0.6228,1.2825,0.7189,-0.3965,2.1323,0.556,1.815,0.915,2.5922,3.6635,4.5456,4.0963,1.5247,5.7325,2.0563,2.8902,0.8064,2.3001,2.3583,-1.3002
A,1,-1.361,1.48,-1.9148,-1.4653,-1.7559,2.273,0.0705,2.5108,5.064,4.0782,5.7688,5.4449,4.3102,4.2408,3.4021,1.9052,-0.771,0.0183,-0.3649,0.2826,1.4735
A,1,-2.0738,1.0097,-1.5531,0.4159,-0.3974,-0.1978,1.3088,1.1316,2.2742,0.4438,3.7066,3.7985,3.6812,4.0014,5.312,3.6207,4.1992,2.9787,0.2811,0.6095,0.4292
A,1,0.045,0.5334,-0.7868,2.1983,0.615,-0.5246,1.4666,0.4139,0.4256,-0.5318,1.9381,3.8967,3.909,4.9321,5.4396,5.505,3.5028,2.1766,0.5333,1.3368,-0.7302
A,1,0.1682,0.163,-0.6321,0.2213,-0.0443,-0.892,2.4942,3.068,3.6214,3.955,4.3627,5.3733,3.6503,2.7339,2.9252,1.5703,0.7067,1.4045,1.6586,0.257,-0.4564
A,1,1.8829,0.3129,1.2508,-0.9483,-1.5325,1.1655,0.7608,1.9409,3.0786,3.6138,3.3404,4.5471,2.9349,3.1962,2.8428,1.4848,2.7175,0.1213,1.8906,-0.5579,-1.1568
A,1,-0.4525,1.4547,-1.0893,-0.0372,-1.6123,0.6097,1.1491,3.1157,2.801,3.2633,4.9456,4.3584,4.4317,3.2016,2.2659,1.0946,1.1639,-1.3954,-1.8804,0.0631,-0.578
A,1,-0.2685,1.2335,0.2845,0.9,1.0047,1.6812,2.2801,1.1448,1.3021,3.0923,4.3541,2.9459,3.29,3.4468,3.7205,4.9039,2.2224,1.2641,0.8361,-0.0512,1.3458
A,1,-0.4083,0.8107,0.66,-0.4867,-0.3174,0.9647,-0.3969,0.7186,0.0144,1.477,2.3089,3.2207,4.194,4.0473,5.9654,3.0875,1.3954,1.965,1.2018,0.6434,-1.371
A,1,-0.6849,0.5228,0.456,-0.6133,1.8838,1.5316,3.2408,1.1787,0.3378,1.4517,3.1584,2.7002,5.0625,4.4928,5.1468,4.0406,2.6678,2.1194,1.5412,1.3177,-1.4277
A,1,-0.8046,-0.355,0.2176,-0.1721,0.8507,-0.5258,0.7866,2.503,2.9404,3.131,5.8062,4.6101,5.4045,3.0986,3.6148,3.1281,0.6455,0.3918,-0.0172,-1.1563,-0.419
A,1,1.6028,0.5157,0.8914,0.3632,0.4079,0.9142,2.8761,4.9639,5.3104,4.0029,5.3584,6.514,4.6919,2.4359,2.4741,2.288,-0.8694,-0.2458,-0.1684,0.1348,-0.3134
A,1,0.1435,0.0101,1.4252,-0.3452,-0.2061,0.8132,0.6892,0.4113,1.5668,1.5655,4.0662,2.7159,4.2037,5.6909,3.8681,4.7599,3.4551,2.1162,0.3521,1.8483,0.8641
A,1,-1.4088,-0.0699,-2.413,-0.5127,1.056,0.7303,2.1888,3.1351,3.8674,5.2836,6.3568,5.7669,4.0866,2.862,2.7961,0.419,0.4989,-0.8913,-2.0486,2.1951,-1.383
A,1,0.7674,0.0207,0.9092,-0.9282,-0.5308,-1.5272,3.0368,1.373,1.5019,4.9284,5.2684,4.6631,5.0308,3.663,2.9392,0.0236,-0.0841,-0.4913,0.2253,-0.2058,0.3189
A,1,1.633,1.0786,0.0335,-0.5779,0.9591,0.7379,-0.1791,2.7311,3.2624,2.6142,4.5833,3.0308,3.3679,2.0969,5.0759,2.7653,-0.4663,3.5361,1.0753,1.3113,-0.5347
A,1,-0.7511,0.58,-0.0953,-0.6801,-1.356,0.3712,1.7155,3.3986,3.2329,5.1207,6.227,5.9338,3.8275,2.7612,1.7131,1.3649,1.648,0.0785,0.3974,-0.2394,0.0298
A,1,-1.2527,0.5982,-0.3717,0.2915,-1.7336,-1.2405,0.7913,0.486,1.2316,4.5798,4.0218,4.2622,4.3142,4.1525,3.4252,1.129,1.1526,0.414,1.071,0.582,0.9564
A,1,0.3429,-0.925,0.1988,1.1147,0.6825,1.1805,1.0684,2.7228,3.0059,2.8724,4.8779,2.5448,5.6462,3.86,4.8397,3.3985,2.4835,2.6278,-1.2259,0.1827,0.5053
A,1,-0.3926,-0.4276,-1.0641,0.8918,-1.9614,1.3833,0.9181,0.9374,1.2772,1.2926,4.3145,3.4059,4.1568,5.4066,5.1162,2.0784,2.9209,2.0678,-0.0169,1.1181,-0.4042
A,1,1.5178,-0.8352,-0.2351,0.4825,1.7247,0.864,-1.2411,3.4177,4.0714,4.8122,2.5515,3.2797,2.6251,1.438,2.9656,2.4464,1.6671,2.2708,1.3673,0.4112,-0.3749
A,1,0.7396,0.7204,-0.2688,1.0205,-0.7271,-0.4407,1.7719,1.9485,1.6755,3.3724,2.7768,5.333,2.1148,5.0234,4.3154,1.8827,2.9267,1.7494,0.7689,0.3107,-1.3061
A,1,-1.4807,0.8363,0.4669,-0.1396,-0.0046,0.4166,0.7526,2.342,2.1176,3.2372,3.3624,4.2397,4.194,5.9593,1.6616,2.2498,1.7926,2.9082,1.1403,-0.1279,-0.975
A,1,0.5894,1.7048,-0.8872,-0.015,-0.7496,0.6809,2.8449,2.7317,4.2351,4.5229,4.8625,4.9748,1.9172,3.5187,1.3354,0.4994,0.6887,1.242,-0.5759,-1.2693,-0.6735
A,1,0.8857,1.356,1.0922,-1.4795,1.1172,1.1674,0.8988,1.4444,2.709,0.8087,3.0877,3.9168,4.6499,4.8724,6.243,2.4549,3.3914,1.7981,1.604,2.5591,0.6281
A,1,0.5434,-1.6359,-0.573,-1.0564,0.8496,0.9563,-0.634,-0.6068,0.7811,0.8531,2.3564,2.8653,4.0114,5.4196,7.0316,5.4277,2.1329,0.6216,1.2431,2.0648,-0.8096
A,1,1.5513,0.6772,1.7081,1.1414,-1.9158,-0.45,-0.7184,0.2933,1.599,2.7945,2.875,3.7149,3.4485,3.3208,4.7879,3.933,1.7907,1.0392,1.673,1.1879,1.6825
A,1,-0.8792,-0.0308,0.2031,-0.3092,-0.0277,1.3174,4.2714,3.5411,2.0769,2.7259,5.7521,1.528,2.8219,2.1846,3.3655,1.0926,0.8916,-0.0207,0.6867,0.267,0.4979
A,1,-0.8939,0.9588,1.5264,-0.4428,0.6642,-0.926,1.4525,2.3418,2.447,4.337,6.1208,2.6488,3.6351,4.9103,2.8275,2.4264,0.494,1.8375,0.8638,-0.849,-0.6082
A,1,0.9983,0.5684,-0.3033,0.3195,-0.1593,0.6783,1.0094,2.3165,1.0434,3.0667,2.6492,5.1247,5.0757,5.4703,4.3886,4.5411,2.361,4.0286,1.2167,1.0844,-0.4176
A,1,-0.5318,1.9485,-0.983,1.5285,1.2367,2.2833,1.6041,-0.0864,3.3807,3.3606,5.118,4.8911,4.2534,1.705,3.9591,1.2745,1.8458,2.2818,0.9166,-1.567,-0.0989
A,1,-0.6405,0.0745,-1.5147,0.2236,0.2894,0.6931,1.6856,-0.0395,3.2316,3.1944,6.3006,5.49,4.398,3.3574,3.7069,2.4187,-0.3454,-0.0671,-0.7122,1.326,-0.0437
A,1,0.3177,2.9166,-0.5437,1.0468,-0.2925,0.5052,2.892,1.1083,3.8124,3.4858,6.3974,4.2061,4.5823,3.1657,2.0085,-0.7564,0.1384,0.7321,-0.434,-0.0035,0.4717
A,1,-0.137,0.7978,-0.5446,0.2502,-0.5039,0.3778,1.6505,-1.4931,1.7775,1.5239,3.3888,4.3461,3.3739,4.9628,5.0335,3.4009,3.9955,3.2103,4.0854,2.0044,0.233
A,1,-0.5786,-0.6541,0.2069,0.1895,-0.4404,-0.6004,0.5925,1.5124,2.8986,4.9821,4.428,4.095,3.6627,4.2398,2.873,2.0446,-0.0766,1.4822,1.9259,-1.1731,1.6782
A,1,1.1437,-1.6608,0.1403,-0.5071,0.9528,1.1228,3.0604,1.9747,3.3649,5.5653,5.7382,4.6644,2.2307,3.1543,1.5122,1.6066,-0.5615,-0.1652,-0.2452,-1.648,-0.3056
A,1,1.5162,0.0508,2.8166,1.0646,0.4943,0.8148,0.4528,2.2276,0.95,1.7807,4.7286,4.4887,3.7512,3.6707,3.1052,3.6612,1.7378,1.1001,2.6418,0.5069,0.0713
A,1,0.2862,3.3079,1.5686,-0.2383,-1.1343,0.0593,1.0161,1.5302,2.9008,1.8675,4.2783,3.9866,5.9782,4.4517,3.0744,5.0262,0.9166,1.3359,1.2279,-0.2998,-0.1515
A,1,-1.3582,-1.0386,-0.2633,0.2553,0.4115,-1.6254,-1.5151,-0.1205,1.8215,1.3259,2.5613,4.7376,2.8984,5.5398,5.7833,5.3739,4.7623,3.1073,3.9205,0.0102,0.221
A,1,1.1134,-0.1431,-1.2208,0.2685,1.6028,0.3583,-1.3328,0.0306,-0.0355,1.6088,2.9018,1.9816,4.3288,3.084,6.9722,5.0056,2.4968,2.3813,2.1583,-0.3229,0.8685
A,1,0.5313,-1.2991,0.7912,-0.4748,0.4552,1.5868,-1.0139,0.8303,0.5978,0.148,2.7974,4.3499,3.4458,4.0752,7.2719,4.3973,5.2985,2.7019,1.306,2.4783,2.4148
A,1,-1.2401,-0.1674,3.1398,1.4938,-0.2319,-0.2714,1.8599,1.9196,2.9805,3.5544,3.7035,5.6079,3.9311,2.2898,0.9433,1.1121,0.8916,1.1545,1.5913,0.2493,-1.9453
A,1,-1.4348,-0.284,-0.4906,-0.4614,0.8882,2.113,1.3705,4.2592,2.9402,3.8095,6.9534,3.0721,4.8009,2.1001,3.2184,1.2318,-0.4084,-0.133,-1.1944,-0.7415,0.7558
A,1,-0.1947,-1.1227,0.8428,-0.5226,0.7115,0.6724,0.8983,0.2621,0.4556,3.047,2.3094,3.6364,3.6686,3.7173,2.6326,2.8105,3.3408,0.526,0.6987,-0.4579,-0.5003
A,1,1.8136,1.0744,-0.5645,-0.2583,0.4867,0.0247,0.1118,0.5835,-0.077,2.8219,3.3913,4.407,3.7632,5.5506,5.5585,4.4327,4.6404,2.0992,3.1586,1.2297,1.1175
A,1,-0.5854,-1.608,-0.076,-1.2879,0.4674,-0.5512,0.5836,1.3585,2.1806,2.6382,2.5362,5.1798,3.7998,4.7476,3.5224,3.4685,1.1953,2.5093,2.7822,-0.3759,1.5584
A,1,-0.2892,0.0352,-1.0953,-0.5611,-0.1635,1.5968,1.6021,2.0702,2.6938,2.6668,3.5345,3.7936,4.1917,6.1542,4.0555,3.1705,1.4691,0.8353,1.2952,0.8001,-0.8706
A,1,0.2959,-1.1222,0.3994,0.9233,1.1622,0.9408,-0.5604,1.5705,0.9432,1.8272,4.0924,4.5437,2.7153,3.5487,4.1519,3.7452,4.2532,0.8689,1.5803,-1.1344,0.829
A,1,1.4995,0.1364,-0.184,-0.7618,0.1944,0.8816,2.8394,1.2515,2.5675,4.6535,5.1621,5.0688,3.708,3.5826,2.8332,2.8185,0.3225,1.6884,0.7107,-0.0476,0.0586
A,1,-1.9326,1.0067,-0.6752,-1.5844,0.9547,-0.2922,1.2169,4.0957,3.6859,5.3275,2.9641,3.1273,3.8907,4.1887,0.1457,2.7328,-0.5678,-1.3963,0.7782,1.7643,-0.0544
A,1,-1.2974,-0.1414,0.2014,-0.3447,-0.6297,0.2231,0.3437,1.1834,0.5511,1.6971,2.2937,2.7196,3.4677,5.0088,4.668,3.0171,3.3408,1.7018,0.9424,0.8326,-0.7131
A,1,0.847,-1.0762,1.0596,-0.662,2.1308,1.5662,2.0491,1.8933,4.432,6.1622,4.8339,4.0082,4.2714,3.4014,1.8462,1.2299,0.6139,0.8621,0.0305,-0.0322,-0.3945
A,1,-0.8524,2.8652,0.7917,0.7268,0.536,-0.0108,0.2689,2.1004,1.2242,1.1884,4.3687,4.0968,2.8494,4.4988,3.1996,4.1186,5.0745,1.7158,0.275,0.5514,-0.8242
A,1,0.0226,0.2346,-1.1625,-0.9871,0.4764,-1.2014,0.4461,0.5133,3.5437,2.5548,4.2705,3.5249,3.3241,3.0758,5.077,2.2156,4.4391,2.997,1.7694,-0.1547,-0.428
A,1,-2.1028,0.5516,0.5805,0.309,-0.5285,2.1246,3.5718,2.2836,1.1751,2.562,5.3285,3.7041,4.4453,3.3476,2.1429,1.9222,0.2829,1.1053,0.7923,-2.1739,0.4988
A,1,0.9458,-0.1419,1.4134,-0.6213,0.6509,2.4223,1.8178,2.4741,2.323,5.252,3.3511,3.508,5.7396,4.6719,2.3399,2.852,-1.0486,0.1241,0.7149,1.368,-0.6922
A,1,-1.4923,-0.3802,-0.3926,-1.4207,-0.1463,1.9497,2.0886,1.095,0.9872,3.159,2.6504,5.4336,4.2068,4.9621,4.4463,2.9309,1.6508,0.1931,0.5597,0.075,-0.9333
A,1,0.7082,-1.4962,1.3204,0.9494,2.8659,0.5074,1.9069,1.7197,2.6083,3.9381,5.7316,3.9832,1.6811,4.2518,3.1052,2.0151,0.7064,1.9085,0.5186,0.4784,0.4459
A,2,0.2434,0.3462,0.4775,2.1134,1.9069,2.6921,1.9314,4.1372,4.8008,2.4243,5.0849,4.7139,1.9346,0.9224,1.8082,0.1975,-0.2002,-1.1756,0.5697,0.3002,-2.3609
A,2,-0.3943,-0.4736,0.5668,-0.7107,-0.4924,1.8204,2.5938,4.4174,4.0137,6.1125,5.7166,4.2887,3.5477,3.8224,0.6368,0.1263,-0.1976,1.08,1.5158,0.5437,-0.0184
A,2,1.5766,2.2339,1.0955,0.4734,2.5415,1.722,5.2995,3.7693,2.0889,2.8015,5.8137,3.6882,1.2949,2.1995,2.4879,1.3406,-1.0272,-0.3411,2.2625,-0.8911,-0.4289
A,2,-0.7952,1.4201,2.144,4.6415,3.262,4.8301,3.6907,4.616,4.6178,5.1538,3.4267,0.6696,1.0755,1.1639,1.1831,0.5622,-0.5528,-0.1266,-1.0293,-0.0802,0.7371
A,2,0.0634,0.9529,0.2094,1.4435,1.2154,2.3321,2.5752,4.402,3.9648,2.1668,5.0561,3.1758,3.6477,1.8198,0.2635,1.0585,0.4176,2.1492,0.2711,-0.0595,0.2813
A,2,-1.984,1.6323,2.4137,1.5162,1.2538,3.3201,6.0203,6.6235,4.5503,5.0508,3.6233,4.0445,1.9717,0.785,0.7332,-0.7557,-0.0267,-0.7347,-0.4587,1.5357,0.7401
A,2,-0.3745,-1.2227,0.7431,-0.4827,0.8963,2.3702,2.7533,3.7168,6.272,5.5845,4.9639,3.2213,3.0682,3.8578,0.9893,1.6497,-0.9478,-0.799,1.6053,-0.5612,0.426
A,2,-0.6565,0.1069,2.5341,3.7389,2.5628,4.4018,4.5536,4.2603,3.452,3.823,5.2593,2.3998,1.5112,0.2402,2.8566,-2.0501,-0.9478,0.9839,2.2596,-0.6149,0.1432
A,2,0.1407,-0.043,-0.4367,0.9488,1.2101,0.6841,3.8772,5.6135,4.6503,4.251,6.2073,2.6929,3.5574,4.0202,2.4819,-0.0214,-0.2679,1.1272,-1.049,-0.291,-0.2507
A,2,0.6018,0.6129,-0.2587,2.6561,0.6064,-0.1673,2.627,2.9551,3.5141,5.472,2.5351,4.2643,4.1158,3.3932,0.4233,-0.182,0.41,-0.9476,-0.4227,0.1892,-0.0955
A,2,-0.2168,0.1176,1.3227,0.528,0.5542,1.9919,1.9115,1.5888,5.2985,5.8881,5.491,5.3011,4.2871,4.705,2.3818,1.6229,-0.7992,0.2824,-0.3566,0.5889,0.5489
A,2,0.4707,-0.7216,1.3996,0.0837,0.3442,2.7362,2.7726,2.6039,1.1117,5.0405,2.6874,3.7063,2.4976,0.6193,1.1923,1.4871,0.5107,-1.8469,-1.0185,1.1818,0.5705
A,2,-0.648,-0.0851,-0.9148,1.1866,-0.9863,3.2712,3.1288,3.4396,4.3832,5.2951,6.6011,5.646,5.3414,3.0947,-0.4535,2.4139,-1.6967,1.0397,1.2256,-0.6254,-0.8318
A,2,0.1677,-0.3553,2.3406,0.5272,-0.066,0.4274,3.2721,2.5438,3.2004,5.4228,6.2106,7.0974,2.5835,1.7898,2.5109,1.8427,-0.3313,0.1003,-0.343,-0.2338,0.1971
A,2,-0.1925,2.0616,1.8273,1.5297,2.7814,5.8235,4.8837,4.9566,3.746,3.2659,1.1962,0.4121,0.5321,-0.521,1.4331,-0.7914,0.3799,0.8323,-0.435,0.2509,-0.7935
A,2,0.209,0.1487,1.2219,2.2911,1.4716,3.0551,5.0221,6.2221,4.6182,3.6745,4.1962,2.1935,1.1895,2.2602,1.2973,1.8366,-1.0694,-0.9077,-0.2855,-0.5199,-0.4147
A,2,-0.7738,1.16,0.7472,1.4473,3.6764,4.1664,6.4855,5.5622,4.5301,0.6831,2.1916,-0.9894,1.5181,-1.1452,-1.115,-0.2876,0.3779,0.5599,0.8154,0.9179,-0.8199
A,2,-1.1386,0.328,1.2139,1.1508,0.5069,2.0012,2.9552,3.1789,4.5105,6.1418,5.2332,3.8931,3.3981,1.3276,0.7997,0.1721,1.1973,-1.0058,-1.7375,-0.9686,-0.3588
A,2,-0.9234,-0.5115,0.9405,2.743,2.4881,3.1654,5.8989,4.3233,4.3862,4.3822,3.8515,2.1242,1.9191,1.8079,1.0222,0.4081,0.0529,-0.4951,0.5336,-0.4873,0.1391
A,2,0.2613,2.3419,1.5123,1.9147,0.4951,4.4481,3.4143,5.6359,5.0395,4.9527,2.0965,2.5112,1.0658,2.4075,1.5166,1.6478,-0.489,0.4335,0.6489,0.0978,-0.4985
A,2,0.5943,-0.409,1.3768,3.4741,1.3303,3.8362,4.2335,4.5221,3.4844,3.242,3.7737,2.7981,0.3091,1.8597,2.0008,1.5357,-1.1744,0.7281,0.3414,-0.4376,0.3749
A,2,-0.3888,0.2175,0.884,0.7249,-0.7991,2.0932,3.9451,3.3072,4.775,6.9822,6.2781,3.5544,2.4021,1.0231,2.925,0.9135,0.1731,-0.0067,-0.1959,-0.3012,0.1656
A,2,-0.0399,0.3162,1.0591,0.0747,-1.1556,1.485,1.7947,3.0792,2.9344,5.0849,5.9916,4.419,2.5984,2.3785,3.1763,2.2204,0.4133,0.247,-1.0819,1.2829,-3.0936
A,2,-1.9339,0.2509,-0.4858,4.2866,2.3116,3.2814,4.1337,2.839,4.5945,2.408,2.9373,2.6428,3.3169,0.9465,0.4677,1.4979,-1.0073,0.7895,-0.0306,-1.3717,-0.2076
A,2,-0.2135,-1.0439,0.1721,3.2677,3.4321,3.0402,5.0939,3.6212,4.1349,2.8484,1.1669,1.1657,0.6232,0.4606,0.7281,0.4771,0.5083,-1.572,-0.1506,1.5574,0.3681
A,2,-0.463,-0.7573,2.7834,3.1721,4.2993,4.2248,4.3154,5.0074,4.5313,3.1319,2.7447,1.489,-1.6198,1.3517,0.7557,0.0685,0.5763,1.6715,-0.4792,0.054,-0.1239
A,2,0.4122,0.1484,2.359,2.9177,4.2421,5.7859,6.0113,2.8816,4.4402,2.8093,2.4427,2.2761,0.8827,-0.0332,-0.7255,0.3415,-3.1392,0.0284,-1.3496,-0.0654,-0.6546
A,2,0.3805,1.2685,2.193,1.9386,3.1112,4.9255,5.6547,4.7226,3.8324,2.2881,4.2082,0.7981,2.0908,1.615,0.0949,-0.5944,-2.6844,0.6505,-0.1438,0.66,-0.3735
A,2,-0.8081,0.9871,2.3539,2.0803,3.6987,5.4384,6.8171,5.2165,3.8819,3.3205,2.7635,2.065,0.7723,-0.5344,-0.7333,0.3803,0.159,-0.9884,0.5527,-1.0063,-0.6681
A,2,-0.8405,-0.2726,1.3564,0.1459,1.549,2.3645,3.799,2.4904,4.4339,5.2878,4.4901,3.4318,1.3622,2.6567,0.16,-0.63,0.3058,0.6422,-0.9005,0.3798,0.113
A,2,0.8752,-0.7961,0.3248,0.8058,0.885,2.8179,1.7439,2.9095,2.8331,6.5135,3.6864,4.9515,4.135,1.7066,0.0109,1.2204,0.4922,0.8032,0.1149,0.0283,-0.2602
A,2,0.6664,1.0503,-0.0096,-0.016,2.3507,1.7177,4.903,4.0998,3.9103,4.9346,4.7865,3.7468,2.8861,2.4393,1.5202,0.1023,-1.5523,-2.0882,-0.0207,-0.2715,0.3532
A,2,-0.9586,0.0418,0.4618,1.0737,0.9858,2.4281,3.2884,3.1856,4.1568,2.9732,4.6787,1.8392,3.0712,0.4384,-1.3261,0.2641,0.5877,-0.3213,-0.6373,0.3658,-0.8844
A,2,-0.4034,1.7481,0.9917,-0.3815,1.8201,3.3974,1.7881,2.529,5.017,4.2013,5.0636,1.292,4.3111,1.7836,-0.3052,1.4687,-0.8,-0.8686,0.86,0.4922,1.6009
A,2,0.1077,3.0354,1.363,3.3508,2.8056,4.7951,3.8036,5.8343,4.1249,1.5782,1.3553,2.11,0.0368,0.2169,0.5411,-0.5616,0.4033,1.7403,1.7172,0.2238,1.0701
A,2,0.0111,-0.102,1.4403,0.2146,1.8739,2.8853,2.3094,2.1128,4.9857,4.1569,5.2927,2.2261,3.3612,0.8263,-0.4995,-1.8193,0.8562,0.1942,1.0933,0.1564,0.5583
A,2,-0.3092,0.9395,1.9615,0.9708,1.9255,4.8415,4.2461,3.3071,4.9296,2.9683,1.7592,4.1151,3.3347,-0.1776,1.9506,1.2458,1.4942,1.0814,-2.0772,-0.7219,1.9286
A,2,0.221,-0.6775,1.5464,1.5779,1.8615,2.576,2.8515,5.0098,4.1268,2.9139,5.0217,2.9713,0.852,1.1656,2.6012,2.3181,0.0972,-0.1763,1.7571,0.7767,0.335
A,2,-0.1695,-2.1202,1.9703,-0.2919,0.3751,1.2036,3.8313,3.8381,5.8514,3.2748,6.9758,5.1277,4.8482,2.7661,1.4467,1.5351,-0.2037,0.1059,0.4041,-0.5956,-0.4868
A,2,-1.6671,0.6463,0.6336,1.728,0.8089,3.6846,1.7621,3.2608,3.9959,3.5439,5.5053,3.9422,-0.4599,3.522,-0.253,-1.6878,-0.7661,-0.0956,0.1094,0.0151,-0.3461
A,2,1.4426,0.3169,2.5362,1.7318,3.8782,4.4121,5.9574,5.4288,4.6333,4.6805,2.1086,1.564,1.3719,1.3056,0.3996,-1.9485,-0.6167,-0.9386,0.3848,-0.7791,0.5342
A,2,1.0381,-0.0116,-0.2527,-0.3974,-1.2199,-0.8701,-0.057,4.6308,4.5786,5.3231,4.6237,5.244,3.5417,0.982,1.6104,1.9657,0.7404,0.7901,0.8731,-0.1651,-0.3278
A,2,0.6075,1.0559,1.0455,2.6588,3.1081,3.1903,4.9132,5.524,2.0116,4.6637,3.8429,1.1052,1.9704,0.304,1.1403,-1.4273,0.5285,-1.1742,-0.8283,0.2309,0.2971
A,2,-0.1457,0.3354,1.7087,-0.6038,-0.7773,1.1149,2.6247,2.1337,5.4222,4.9778,4.3729,4.49,2.7294,3.8801,1.3311,1.8851,0.1177,1.2486,0.2074,-0.4396,-0.5488
A,2,-0.2726,-0.2347,2.804,3.2573,2.7044,5.0664,5.893,2.5721,3.8673,2.6145,3.9095,2.3212,-0.3515,-0.5637,-0.3335,1.2034,3.5264,-0.3546,0.545,-1.0705,0.8299
A,2,-1.5938,-0.2527,0.5596,4.7907,3.4972,3.3542,6.4695,4.3401,3.9606,1.5102,2.29,0.0246,0.2325,1.1449,-1.9667,0.4711,0.6351,0.8905,-0.8368,1.6013,-1.0757
A,2,-0.6382,0.0535,0.6654,1.8403,1.8933,2.4014,3.3994,6.0162,4.9178,5.2586,4.351,3.535,2.6453,0.4819,0.6695,2.7726,1.1142,-1.3362,-1.4029,-0.7062,1.7872
A,2,-2.3716,0.3055,3.6439,2.0111,4.2638,3.385,6.9608,2.6778,3.0559,2.9766,2.3218,1.0889,1.6709,0.5455,1.4025,-0.4942,-0.6623,1.2905,-0.1164,-0.7493,0.1058
A,2,-2.0541,-0.4155,1.5579,-1.6173,-0.3518,1.6426,2.8231,4.8535,4.2397,3.0887,4.0906,3.3352,3.8383,3.1718,2.0957,1.2424,-1.486,0.6375,0.8866,0.6256,0.577
A,2,0.5056,0.623,2.3351,2.5361,1.6256,5.1322,7.1821,3.8503,4.2319,3.2998,3.3954,2.2631,0.512,0.6506,-0.8763,-1.5335,-0.4353,-0.5259,1.2518,-1.2944,0.6322
A,2,-0.0685,0.6954,0.989,1.5037,1.5264,2.9149,3.6834,2.8674,2.6146,5.4979,4.6025,2.1791,2.475,2.3029,1.0619,-0.1844,0.6306,-0.5294,-0.4222,-0.2993,1.1505
A,2,-0.6662,1.3528,1.196,1.9219,2.7671,3.2025,3.1964,2.9273,2.8354,4.7455,2.3129,2.3483,2.1662,1.9832,-0.3957,2.4635,0.7775,1.37,0.3588,1.0598,-0.6268
A,2,-0.6554,1.2247,-0.4147,-0.6521,-0.4391,1.1738,2.7165,2.449,3.2545,4.7057,6.2991,4.8699,4.9279,4.1474,1.5082,1.4286,-0.005,2.0434,-0.7321,0.6736,0.6688
A,2,0.7508,0.4719,1.9904,0.7634,2.2369,2.3239,5.7877,4.4133,1.7924,4.6612,4.6462,3.8529,2.5054,1.8151,-1.1098,0.023,0.4101,-0.0561,-0.2055,0.6631,-0.9348
A,2,-1.3081,0.8084,-0.218,0.8439,1.8569,2.4369,3.5153,4.1088,5.2267,3.0366,4.6264,3.3251,3.9638,0.6307,0.2509,0.4898,-1.1214,0.8187,0.8913,0.5014,-0.1293
A,2,0.8687,-0.4822,-0.3968,1.9219,1.2537,-0.0351,3.8685,3.0987,3.9607,6.001,6.3356,4.0777,3.5199,2.1504,1.0409,0.4131,0.7583,0.865,-0.8076,-1.3028,-1.3103
A,2,1.1151,0.2105,-0.0839,1.3528,0.1932,2.1708,2.6885,2.4258,4.5105,6.707,4.6587,3.6574,3.012,2.7329,0.4212,0.6073,0.7759,-0.9489,1.1685,-0.5543,-0.8515
A,2,1.7323,-0.7529,1.8285,3.1671,2.2748,3.1947,5.1122,4.2992,5.2286,4.5881,4.2335,2.4289,0.4068,-0.6631,-1.062,1.3206,-0.1181,0.2172,0.0942,1.3987,-2.332
A,2,-1.2921,-0.8142,-0.3625,0.0594,1.6745,2.1728,2.4439,3.7202,4.7425,4.9436,4.477,3.2437,5.0083,2.3608,0.9181,-0.1463,0.5107,0.7797,1.8387,-0.0967,0.0912
A,2,0.1213,1.7335,2.0387,-0.5165,0.863,3.2737,3.7231,3.1575,3.1023,3.4554,3.4791,4.2196,4.3561,1.9886,1.8998,0.0844,-1.7672,-0.2569,0.1504,-0.8552,2.7139
A,2,0.3073,-1.4659,2.4431,0.3678,-1.0377,0.1281,3.293,4.5014,4.2606,5.6245,4.856,5.0737,4.3166,3.0525,1.3528,1.0262,-0.036,-0.6986,0.006,-1.4653,0.0064
A,2,1.3467,1.1044,0.5419,-0.056,-0.1025,0.9128,3.1958,2.522,4.7891,6.1035,7.8099,5.1187,3.2199,3.122,3.1703,2.2028,0.5588,-0.7114,2.7619,1.4154,0.136
A,2,-0.9267,0.6732,-0.1579,-0.8598,1.0655,-0.4393,2.8559,1.8545,2.7071,5.1102,5.2742,4.3604,2.981,4.6981,0.6792,1.3605,0.1643,-0.7609,-0.5049,0.9654,-1.4912
A,2,0.0412,0.3112,-0.7686,-1.2776,-0.1147,0.3478,1.5763,3.3714,3.185,4.5404,6.1509,4.3043,3.9504,2.1182,1.4321,0.6034,-1.7388,0.7653,-1.0387,-0.3269,0.3743
A,2,2.0317,1.7651,-0.1523,1.8526,1.1785,-0.7826,2.7803,3.282,2.929,3.7076,3.9518,4.3942,3.1159,2.8633,1.0513,-1.4975,1.1555,-0.2474,-0.1543,-1.2891,-0.2561
A,2,-0.9531,0.7091,0.8587,3.6134,4.1884,4.2409,5.6582,4.4257,4.93,3.2268,1.9323,2.4819,1.156,0.5183,1.189,0.0631,-0.3532,0.9765,1.5852,1.5693,0.2251
A,2,-0.8347,1.9611,1.6122,3.9218,4.5644,4.199,3.9625,2.8873,3.953,1.6984,4.592,3.5131,1.3413,0.2826,1.1097,-0.4362,-1.6513,-0.8671,0.9236,-0.6471,1.0191
A,2,-0.1122,0.6999,2.5048,4.0617,4.3315,5.3164,4.8535,3.7017,2.5539,3.484,2.9153,1.9436,-0.4649,0.2482,-1.0982,0.5737,0.7278,1.4349,-1.2571,0.7728,0.0802
A,2,0.8625,0.7657,-1.0618,0.0141,-0.2377,-0.7267,2.4769,2.0347,3.5225,7.1924,6.6157,3.9804,2.7997,4.5671,2.8107,1.6361,1.339,0.1232,0.7622,0.7245,-1.5757
A,2,-3.3432,0.9573,-0.3588,2.052,5.0357,5.5897,6.7595,3.3101,1.8996,2.9149,2.2941,4.4502,0.3658,-0.4255,1.6207,-0.9574,-1.1234,-0.081,0.2474,0.7723,0.3147
A,2,-0.4819,0.7067,1.9327,0.6205,1.7497,2.6401,3.2058,4.4449,4.0585,4.3457,3.9539,3.8777,1.4539,-0.5875,2.1791,0.6139,-0.2407,0.2801,0.7209,0.9317,-0.2543
A,2,0.4364,2.3542,0.2668,3.2615,3.3066,4.3176,5.6389,5.7695,3.5671,3.7383,2.3135,1.6937,0.0667,1.0749,0.1864,1.9622,0.0358,0.2295,0.2291,2.0798,-0.4158
A,2,-0.5684,-0.4933,0.2512,3.1815,2.741,3.0797,6.5844,4.191,5.7864,4.1138,2.0997,1.5076,1.9357,0.4052,1.0485,0.3605,0.435,-0.839,0.7536,1.9656,-0.371
A,2,0.8651,0.0946,-0.765,0.2623,-0.6412,1.4679,3.5674,2.6429,3.2116,4.3128,4.4566,4.0731,3.9213,4.3088,1.7816,0.2772,0.4616,-1.4364,0.3147,1.0483,-0.1771
A,2,0.3957,-0.6514,1.6935,-0.8656,2.2289,2.6463,2.1882,2.6824,4.0163,4.6402,6.6248,3.8094,4.5432,2.2868,1.5457,-0.3034,-0.3407,1.2465,1.6666,-0.1301,-0.4745
A,2,1.6329,0.704,2.7975,2.825,2.2534,4.7252,3.7116,4.2106,4.2345,1.2325,1.2315,2.2504,2.1118,1.5287,-0.0826,-0.3362,-0.4986,-0.4223,0.0262,-0.0902,0.3078
A,2,0.1375,0.7301,3.6193,2.6235,4.7729,3.8632,4.8268,5.7673,3.2235,3.0465,1.548,1.2784,-0.7157,1.893,0.4918,-0.6421,-0.1675,-0.1065,0.3949,0.821,1.6788
A,2,1.3041,1.2694,1.8172,1.875,4.7256,4.176,6.9167,3.4195,3.9004,1.3166,2.119,2.0018,-0.9532,0.908,1.5781,0.0055,-1.1745,-1.0287,0.89,-0.2035,0.4127
A,2,1.2315,0.1315,2.161,2.4924,2.9131,3.7505,5.8402,3.9241,4.6541,2.1903,2.7911,0.2483,-0.5039,0.3872,0.3168,0.5481,-1.4449,-0.8675,0.4214,-1.4482,-0.1371
A,2,-0.9332,0.7924,0.3864,-1.5118,-0.4488,1.3091,1.8963,4.2537,4.0089,5.6243,5.0645,4.4952,4.0018,4.802,0.6238,-0.8843,-0.114,1.0435,0.3113,-2.0726,-0.9305
A,2,-0.3173,0.6368,1.4718,1.968,3.2152,4.7393,7.1918,4.3931,3.9921,3.2088,2.5184,0.3132,0.663,-0.9357,-0.047,-0.7757,0.6961,0.5166,1.2445,-0.7419,-0.816
A,2,1.8324,1.4239,1.5378,2.0453,3.4961,4.825,6.5415,4.0957,3.1489,3.4711,0.5802,0.9515,2.0799,-0.4135,0.7107,-0.7099,-0.1263,0.3081,0.2145,0.5794,1.0968
A,2,-0.2875,0.3233,1.6526,2.7791,5.0728,5.6947,5.4416,4.4304,5.7656,3.706,0.7544,1.131,0.7674,2.9625,1.7933,-1.7763,-0.0593,-0.4742,0.3757,0.4747,-0.1912
A,2,0.54,2.2229,1.4994,2.2226,3.6381,3.3839,4.5973,2.6429,4.0968,4.1551,4.1156,3.0885,2.6971,1.3839,-0.2884,1.2833,1.2002,-1.5419,0.5365,-0.1036,0.2463
A,2,-1.0046,2.0777,1.0315,2.8873,1.2434,3.135,2.9991,1.5599,3.4956,3.4567,4.8297,4.4918,2.1151,2.4539,2.4286,-0.3761,0.8979,-0.7374,-0.2159,-0.1872,-2.452
A,2,-0.505,1.8638,0.5103,1.7356,1.2941,3.2131,4.3528,4.5642,4.9317,2.5668,4.3445,3.6074,2.9402,2.2655,1.622,-0.7351,1.251,0.5573,1.1123,0.9223,1.9178
A,2,-0.9701,0.8724,0.2621,1.4127,2.1588,2.4643,5.4,2.91,4.1922,3.7391,4.9335,2.3818,0.4979,1.7194,-0.7611,1.5497,-1.1307,-0.9299,0.4541,0.939,-0.6477
A,3,1.1505,0.8494,1.8887,2.2267,2.6026,2.3977,4.6453,3.4221,4.4639,2.2965,0.6781,0.982,1.2774,1.0353,1.0336,1.4842,1.978,2.758,0.6719,-0.3451,-1.375
A,3,0.3544,-0.667,1.168,1.6026,1.0907,2.343,2.4083,3.8819,2.9127,1.7722,4.9563,1.1593,3.3059,2.9158,2.119,2.4928,3.3855,0.9496,-0.4298,1.1183,0.699
A,3,0.8743,1.3241,-0.2962,1.7441,1.4788,4.2839,2.0803,1.9012,1.6866,0.8085,2.4177,2.8666,2.2445,1.6359,2.9646,3.3674,1.5209,1.1122,0.2869,-0.8489,-1.1694
A,3,-1.3203,0.4767,3.3737,1.8937,3.2204,6.5634,5.4939,4.4991,3.6826,2.0335,3.4676,2.7159,0.9027,0.5494,-0.6578,-1.3208,0.5011,-0.1079,-0.9675,-0.1871,-0.6316
A,3,1.2711,2.9907,0.6515,-0.1195,1.9296,0.718,2.993,2.1459,1.6301,1.3305,2.0496,0.9078,4.1225,2.0508,4.2342,3.4471,3.7194,2.1891,-0.6616,0.2508,1.1119
A,3,0.6664,0.8662,1.7699,1.4029,1.9275,0.3817,3.4274,0.6471,1.0789,1.1861,1.6089,2.4721,2.1365,3.2627,4.1376,2.9097,2.3526,1.7756,1.4194,-0.0378,-1.852
A,3,-1.0306,1.3799,1.0116,1.86,2.1673,2.256,1.721,2.2504,1.7618,-0.3067,2.657,2.7539,4.6086,2.1172,1.9847,2.9056,3.0836,0.9896,2.0556,0.7873,1.4094
A,3,-1.7284,0.2077,1.0602,1.5553,1.4454,3.864,2.4651,1.9698,1.9074,2.5839,0.8867,3.9771,2.8251,2.44,3.1882,2.0989,3.6134,1.1225,3.4592,1.2406,0.1398
A,3,-0.1701,1.9057,0.8063,4.0722,4.5969,4.5632,5.9095,4.6541,3.1541,2.7511,1.0122,2.8282,1.0685,-1.4585,0.4555,-0.5009,0.1542,0.8071,0.074,-0.8855,-0.2405
A,3,1.0841,-1.2381,1.0666,2.0481,0.6489,1.2899,1.412,0.2002,1.2305,0.6955,2.3598,4.1464,2.2838,4.8953,3.871,4.1164,4.8453,3.0918,1.7548,0.3123,0.5099
A,3,0.8595,-0.6772,0.8463,0.4391,1.9521,1.3311,2.3649,0.7957,-0.2648,2.4546,0.7374,2.3122,1.7951,4.5596,5.9433,2.4012,2.311,2.3086,1.5376,-0.3521,-1.7911
A,3,-2.5002,-0.5565,-0.0678,2.3645,3.6713,3.1745,5.1974,2.7821,4.4489,2.0152,1.6835,-0.0052,-0.8598,1.7501,0.4058,0.9546,0.5868,0.6527,-0.3514,0.862,-1.0872
A,3,-0.7478,0.8213,1.4401,2.6316,4.3237,2.6288,4.6791,2.905,2.8978,2.2709,1.9608,1.3035,0.1174,2.5569,0.9895,-0.998,-0.5297,0.3435,-0.2962,-1.0875,-1.4107
A,3,-0.2368,-0.1991,1.8974,4.2665,3.1143,3.9955,5.0219,3.8137,4.0276,3.1995,2.4541,0.0918,-1.2432,0.0067,1.6085,-0.1132,0.2666,2.2651,0.5216,1.02,0.2473
A,3,-1.8149,0.3079,1.9798,-0.7318,0.7207,0.9082,1.6586,-0.2207,1.2743,1.3239,1.4597,3.4122,3.103,4.7177,5.094,4.6069,3.0259,2.7007,2.5877,2.0508,-0.2163
A,3,-0.8033,-0.1231,1.3932,1.7765,1.184,3.2265,1.3893,0.2061,1.358,2.3448,0.9499,3.8264,1.5092,3.0632,3.3723,4.2042,3.8099,1.441,2.6898,-0.6985,0.4024
A,3,-0.0802,1.3713,2.7577,2.3765,2.5758,4.9266,5.3987,2.545,2.6877,1.814,1.5142,0.0946,1.6018,1.5198,-0.6923,0.0866,3.8926,1.2362,0.6365,-0.4042,0.7308
A,3,-0.7854,0.7507,0.1579,0.5882,-0.1316,-0.3822,0.2118,-0.8558,0.5303,1.2776,1.6069,3.5193,2.4755,2.9592,6.1524,7.3101,4.3282,1.6883,0.976,0.3866,1.895
A,3,-1.6689,0.6663,-0.3988,0.6509,1.8753,1.6109,3.6152,1.1734,2.8374,2.6596,1.9749,1.4913,1.6979,3.7574,1.425,2.3626,0.8918,4.2567,0.0503,0.2647,0.4395
A,3,-0.6035,0.8034,0.437,2.4678,3.899,2.8011,3.7237,4.2828,2.0084,3.0179,3.5172,1.4216,2.2274,-0.4397,1.3049,0.7185,-1.2525,-0.482,0.4538,0.4743,1.6818
A,3,2.7661,-0.7527,-0.3864,3.3463,0.6294,2.1947,0.7067,0.8573,1.1124,1.2141,3.7242,2.5092,2.0668,4.8278,1.6547,3.9672,2.3827,2.4899,2.4671,1.9568,2.2658
A,3,-1.5915,-0.4282,1.215,2.0803,1.8364,3.6656,5.3699,4.8512,2.3624,0.2684,2.3625,0.9934,2.3748,-1.1607,1.8774,0.3969,0.2287,2.4543,-0.1849,-0.1295,2.6073
A,3,-0.6047,1.037,0.7053,1.5471,1.2399,2.7586,4.2013,3.2326,0.9044,-0.0854,1.0558,-0.3861,0.0895,1.9996,3.1135,1.6638,2.4189,1.4715,0.8863,-0.5721,-0.61
A,3,-1.7888,0.0932,0.2653,1.9327,2.5858,3.8996,3.7775,3.3131,2.5274,1.2055,2.8545,1.8638,0.4337,1.843,-0.2895,1.8702,2.9296,0.9155,-0.3526,-0.5811,-1.6632
A,3,-0.9062,1.1885,1.7907,0.3956,1.986,0.7623,0.8312,0.9724,1.4546,1.6615,2.2391,2.4801,2.4048,2.2712,3.5193,2.2624,2.0782,2.0379,0.204,0.5803,-0.61
A,3,0.2193,0.2758,-0.3877,1.2765,2.7031,1.9775,3.6424,2.6063,2.9739,3.6457,1.8112,2.648,2.6743,2.8452,3.3977,4.0236,1.2921,3.2707,0.1925,-0.9122,1.0776
A,3,-0.1494,0.541,-0.8206,0.5609,-0.1648,1.4174,1.0256,0.6362,-0.1007,-0.1503,0.9735,2.2028,2.7647,4.5753,4.7183,3.6591,0.2986,2.4954,1.0879,0.4841,-2.6
A,3,1.4097,1.0587,1.0399,3.0579,3.4948,5.2896,5.779,3.2886,4.2438,3.0496,2.9963,-0.0354,0.7842,0.8351,0.0081,0.6311,-0.3073,0.2301,0.0772,-0.4807,-2.1762
A,3,0.6826,0.2563,2.1369,1.0526,1.4028,2.6024,4.294,2.4655,1.6977,2.2876,2.5435,1.7411,1.151,3.6308,2.4648,3.9478,1.1206,1.7575,1.7546,1.3166,0.32
A,3,0.4453,0.0648,1.7055,0.9317,-0.015,2.7637,0.4131,-0.1825,-0.1715,-0.1135,2.6238,2.6671,3.8794,4.8631,5.6948,3.846,3.556,3.1467,-0.0501,0.1114,0.6414
A,3,0.2426,1.3702,-0.3239,1.3616,0.1022,0.4058,0.9677,-0.0387,2.1155,1.3465,2.9028,2.1721,3.4039,4.3735,3.8471,3.6069,2.6785,3.1256,2.0779,1.2172,0.5557
A,3,1.0001,1.6286,-0.6638,1.0564,-0.0114,1.7521,0.7499,0.2457,-0.3871,1.9773,1.7317,3.8304,3.2121,1.9511,3.7616,2.6464,2.6635,1.9801,1.9861,0.987,-0.6478
A,3,0.0829,1.2566,1.1254,1.0112,2.9416,2.0637,7.065,4.2905,0.6422,2.9762,2.2131,2.9911,4.2621,2.3338,3.4671,1.1181,3.0496,0.0825,0.5404,-1.478,0.5737
A,3,0.883,-0.6433,-0.5858,3.4231,4.8318,4.7734,3.1507,4.5391,0.1892,0.6788,1.479,1.9195,0.6819,2.284,4.362,3.8396,2.1519,1.8208,1.6106,1.117,1.317
A,3,-0.2466,-0.6986,1.0051,1.515,1.9147,2.9979,3.7524,3.2845,-0.0592,2.9733,4.0234,2.3167,2.1849,2.6809,3.0501,4.0681,1.3512,0.6625,0.1793,-0.7297,-1.6882
A,3,-0.8253,2.196,1.2089,0.8746,0.7015,2.6322,2.224,1.0056,0.7864,1.8085,3.4651,0.642,3.2422,3.1318,4.3053,3.757,3.6089,2.0515,-0.8992,1.5468,-0.4292
A,3,2.6397,0.8963,0.818,2.4186,2.3558,3.407,5.8856,3.2864,2.4443,2.8243,2.433,-0.3028,1.3233,1.8105,-0.3069,1.9343,0.9445,2.5434,1.309,-0.3004,-0.2835
A,3,0.0298,0.1635,0.0866,0.7457,2.0388,0.0902,0.4854,-0.3621,0.9869,0.9969,3.0834,5.524,5.2837,4.4796,4.2744,5.2955,3.2209,3.7966,3.2215,-0.4147,0.1593
A,3,-0.3667,-0.2757,-0.1845,-0.5791,1.6255,2.3684,0.816,0.5012,3.1265,1.401,2.3738,3.603,3.0904,2.6006,5.3542,4.6912,2.3488,2.5972,2.329,0.7152,0.4187
A,3,0.141,0.3021,0.5343,-0.3067,0.7608,1.065,2.7807,-0.5178,1.644,3.224,0.74,1.3415,2.3662,2.6722,3.0428,3.416,1.637,1.9489,-0.5873,-0.0184,-0.9439
A,3,-0.5796,1.3291,2.0119,5.9764,2.1822,3.2124,3.2748,3.7473,4.0045,1.5701,0.8929,3.1635,-0.8586,1.0133,1.8181,-0.0331,0.8439,0.5876,0.1542,1.3147,-0.6109
A,3,0.9548,0.4119,-1.1858,0.4495,1.5577,1.3448,1.3389,1.4869,0.1493,-0.154,2.1217,2.3517,5.4255,4.7429,5.2448,3.681,3.1665,2.0073,1.1173,1.6031,-3.2278
A,3,-1.187,0.716,1.4097,0.9122,4.3431,5.2076,4.5139,4.0702,2.3092,0.3664,1.7605,1.7564,3.1314,1.9199,1.2987,0.0266,0.6482,-0.1448,0.9367,-0.3486,-0.3498
A,3,-0.5455,0.987,1.6392,2.2796,2.0497,3.3542,5.4875,4.8324,1.4482,2.4927,1.856,2.203,-0.3874,1.4007,3.2478,1.2491,2.2758,-0.367,1.0315,2.0341,-1.2598
A,3,-0.4162,-0.0979,0.6286,-0.5171,2.123,1.1364,3.4509,-0.3861,1.001,0.1194,0.8472,2.2021,4.1583,5.0235,3.543,4.3545,4.482,2.9117,2.6049,0.2965,-0.1876
A,3,0.0493,0.3486,2.9842,2.9616,3.1427,5.0215,7.3187,5.2871,4.0315,2.2435,1.519,1.5168,-0.5243,1.1404,0.4586,-0.1527,1.3807,0.282,0.4876,2.0552,-0.108
A,3,0.8951,-0.395,0.5741,1.8405,1.3081,2.1798,1.0432,0.505,1.3525,0.8208,0.6949,3.0307,3.5136,3.4671,5.4337,5.9644,4.1087,1.0446,2.8927,1.0733,-0.6724
A,3,-0.0057,0.7385,0.4723,1.7164,2.3866,4.5931,5.085,3.7893,3.6988,0.9464,3.0251,1.1156,0.3816,-1.0072,2.4389,1.6531,1.2522,0.5223,0.3615,-0.0044,-0.7367
A,3,-0.9643,1.4323,2.3858,2.5039,3.9138,4.9258,4.9524,3.9104,3.3499,-0.0024,2.7513,-0.6704,0.6715,0.0961,1.2623,1.0252,-1.0762,0.7868,-0.46,-1.1087,-0.1775
A,3,0.6864,0.1413,0.9155,-0.9828,0.5639,2.4308,2.43,0.3453,1.8548,2.5562,1.6405,2.8601,3.8437,5.3285,4.1195,2.9665,3.4458,1.5615,2.017,1.6273,0.9379
A,3,0.5247,1.5057,2.3344,3.2143,0.9913,3.1979,3.1151,3.4298,2.6575,1.6838,1.7977,0.284,0.5625,2.673,0.2796,1.2,1.2516,1.6318,-1.4966,-1.5222,0.3489
A,3,-0.59,1.2231,0.2437,0.0348,0.1275,1.8277,-0.583,-0.274,1.074,0.7089,1.3987,2.0911,6.2503,4.8354,5.8215,4.7826,1.024,2.8774,1.5663,0.0717,-1.2508
A,3,0.6729,0.3254,-1.3568,0.8779,-1.2038,-1.4564,0.5475,2.3853,0.5162,0.5872,1.5861,2.3748,3.4165,3.4386,4.8491,4.4505,1.713,4.0391,1.1509,1.5165,1.089
A,3,-0.7327,0.3105,2.0025,1.7329,3.7036,5.8669,4.3978,5.2425,4.107,1.74,1.6522,1.9171,-1.1949,0.5023,-0.0471,-0.5708,-0.1166,-0.3782,-1.3125,-1.034,-0.6152
A,3,0.1961,0.2642,1.0413,1.3082,1.9196,0.9021,1.1002,-0.8085,1.6223,2.5385,1.9831,2.5372,3.9139,3.0165,6.0516,3.9158,3.5531,1.2349,2.6171,1.1486,-1.0575
A,3,0.0049,0.2814,-0.0072,0.9153,1.9916,1.1959,0.7778,0.5528,2.7808,3.7254,2.2209,2.1053,2.1284,1.0652,3.4579,0.5146,3.8168,1.7549,1.311,-1.7194,-0.5069
A,3,-1.1696,0.2969,0.7855,2.7511,1.3732,1.5898,3.4048,3.0683,3.3326,3.7489,1.1122,1.2011,1.1821,2.6596,2.8736,1.6174,0.2439,2.0899,1.5188,0.5381,-1.1674
A,3,-0.7201,1.8265,0.205,1.7463,1.5366,1.8341,1.3817,1.3064,1.37,0.6458,1.3134,2.485,1.0143,2.8109,2.9168,1.6516,2.5774,0.2443,-1.1484,0.1734,2.6556
A,3,-0.3401,0.2584,0.2503,1.1182,1.3184,0.6038,1.0403,1.9863,0.0142,1.3174,3.1293,3.7228,3.2941,3.0527,5.3007,5.2318,3.7585,2.6327,1.929,0.5286,0.3999
A,3,-0.9675,0.834,-0.8214,1.8271,4.5532,3.7247,4.5425,1.3444,2.5502,2.2321,1.8404,1.0005,2.0948,-0.0384,1.7779,3.4918,1.2587,1.054,-1.7158,1.6706,-0.9938
A,3,-0.1487,0.556,2.0016,-0.7422,1.4349,0.8251,1.6878,3.3357,0.9365,0.5594,1.2876,3.7119,1.8651,4.225,3.5277,2.5327,3.3944,2.3153,1.683,-0.0667,-2.5721
A,3,0.4347,-1.454,0.425,0.0372,0.479,0.5739,0.8488,1.1952,0.5873,0.8918,3.0351,2.9291,4.2598,5.271,6.6045,5.1282,5.745,1.7305,1.1298,1.5916,0.6032
A,3,1.5555,0.0648,0.5822,0.2945,0.8783,0.7264,3.0214,1.6021,1.6863,2.2268,1.6834,2.8638,1.5699,3.4472,2.8596,3.4345,2.3168,0.3169,1.7714,0.1633,0.4154
A,3,0.067,-0.5889,-1.3042,-1.8967,0.1596,1.1655,0.5594,0.7535,1.4158,1.1907,2.0525,4.0736,1.7511,3.3974,3.716,4.0446,3.3139,0.7466,1.1226,2.0352,-0.7745
A,3,-0.9784,-0.089,0.3417,0.4559,1.8478,2.2034,1.4894,2.6867,1.3294,1.4708,3.2084,3.1527,1.8278,1.3762,3.6125,4.5758,3.6245,1.8541,0.1789,-0.2156,-0.1243
A,3,-1.6525,-0.947,2.3203,3.7497,4.2948,4.0979,5.4886,7.0459,2.1408,2.8795,-0.7136,-0.2609,0.6212,2.1947,0.0471,1.6916,1.5953,0.0737,0.7513,0.0363,-0.1506
A,3,-0.4392,-0.4432,1.1509,3.2554,3.2556,5.7327,6.229,2.563,1.696,2.9997,2.047,1.7576,0.8492,0.7676,1.6377,4.2715,-0.2851,2.0347,1.4187,0.4566,0.269
A,3,0.5397,1.6555,0.4902,1.2798,0.3784,-0.307,0.3744,1.2442,-1.0282,0.3911,2.9838,4.2071,4.7624,4.3913,4.6728,4.4562,2.6215,1.2204,1.1876,0.9802,0.5239
A,3,-0.1506,2.0431,1.3396,3.2823,2.8853,4.8833,6.0483,4.7204,3.8108,3.1902,2.5555,0.893,1.2836,-0.7066,-0.8544,2.4344,-0.5308,-0.5622,0.0094,-0.0239,0.4739
A,3,0.5486,-0.9469,0.8677,1.813,1.3314,4.9503,3.6135,2.058,0.5644,0.9023,1.7047,1.7586,0.8989,2.4474,4.314,1.5105,3.1346,1.021,-0.3242,0.2263,-1.1028
A,3,-0.3029,-0.8561,0.7727,1.3217,1.2867,2.8017,3.2376,2.3571,1.7185,1.8498,0.6826,1.2894,3.5157,3.0994,4.2634,3.9368,1.5338,1.2024,2.0314,1.4259,0.9051
A,3,-1.2962,0.4007,2.7255,2.1475,4.3644,3.9777,5.0004,4.9155,2.8046,4.6764,1.0695,-0.7388,0.4927,-0.1151,-0.5195,1.7411,1.2176,-0.1108,-0.5344,-0.614,-1.399
A,3,0.6191,1.6885,0.8075,3.8874,4.094,4.3789,5.4467,4.1076,3.3306,3.1268,1.3867,0.4109,0.2505,-0.8428,-1.2691,0.6282,0.6541,0.5495,-0.1254,0.3152,-0.1205
A,3,0.3151,1.2749,2.1868,2.5275,0.8359,3.9642,3.1455,2.3043,3.5094,1.3804,2.0276,2.1534,2.0729,3.0062,3.5333,3.4143,2.6927,1.9102,1.1482,1.0944,-1.7818
A,3,-1.2624,0.5465,3.777,2.6143,0.8151,1.9778,2.3359,0.5748,2.2884,1.6148,2.2767,2.7466,2.1526,4.1619,3.0939,4.8074,1.8798,1.3881,0.7586,2.194,0.1116
A,3,-0.5453,0.132,0.8097,1.4942,3.0497,2.0627,4.7677,3.2638,1.9368,3.9092,1.5985,0.1171,-0.1636,1.3413,1.3087,1.5462,2.9199,0.3431,-0.2442,0.2011,-0.3977
A,3,-0.0267,-1.1956,-0.3972,2.5746,1.9308,2.7558,2.4114,4.563,4.0431,1.5005,2.5356,2.2563,1.1936,1.9614,0.1348,-0.04,0.5794,2.8882,0.7613,1.034,-0.7062
A,3,0.1712,-0.0777,-0.3925,0.532,-0.0506,1.4296,2.3792,0.8944,-0.4922,1.3481,2.6575,2.5182,3.5108,3.2906,4.6341,3.7252,4.0517,3.1101,1.2684,-0.8621,-0.2403
A,3,-1.3142,-1.2519,1.4717,1.0569,2.1483,3.5388,3.5302,1.8295,2.3152,1.6804,1.5523,0.6143,-0.0817,2.9384,0.0983,3.643,1.1324,0.6777,0.8464,-1.3398,-0.293
A,3,1.7866,1.074,1.0795,2.1504,1.2997,2.5923,0.3117,-0.4955,1.1504,0.7367,2.106,1.9719,2.9972,4.0608,3.5801,5.1264,1.5735,1.7986,1.4721,0.6982,0.0749
A,3,-0.7467,-0.1037,1.7936,-1.3831,1.6804,1.3065,1.7888,0.8176,1.5316,1.9869,2.8173,3.4473,3.6744,4.2502,4.67,4.9324,3.8166,2.1606,0.6891,0.691,2.816
A,3,-1.3393,1.4521,0.9029,2.3674,4.2974,2.8189,4.5964,4.4361,3.1122,1.6035,2.8965,1.6342,0.7895,0.2629,1.0466,1.1844,0.74,-0.1125,0.2848,-1.1217,0.9986
A,3,-0.213,-1.5605,0.7989,1.082,5.3144,3.3742,5.7445,4.0491,2.2433,2.7718,1.5347,1.8869,2.3109,1.7026,3.3822,2.2815,0.0302,0.2733,1.5494,-0.2359,0.6371
A,3,-1.5067,0.3736,2.8846,1.9012,2.4699,5.5979,7.6965,3.3137,5.3896,2.3024,2.442,0.1252,1.6152,-1.524,1.787,1.8919,-0.5315,-1.2539,0.3556,0.3331,-1.0953
A,3,-0.0569,-0.6338,-1.6602,1.0113,0.9677,0.3284,-0.6709,-0.6487,0.904,1.9215,1.9373,1.7622,2.6593,3.9942,7.0838,3.7302,5.2633,2.0105,1.0113,-0.5704,1.1377
A,3,1.4527,-0.7135,0.8321,0.3354,0.3185,2.5567,2.9052,4.5061,1.7445,1.6527,2.1454,2.1331,3.3354,3.5611,2.602,2.8425,2.4147,1.6626,2.5401,-1.0882,0.0147
A,3,-0.003,0.7912,-2.3088,1.0204,3.2292,4.3346,3.318,3.0591,3.2272,3.4248,4.445,2.8957,2.0367,-1.776,1.4789,1.1132,1.5983,-0.8917,1.6401,-0.3881,-1.3168
A,3,0.1856,1.0599,0.9898,1.1505,1.0568,0.5029,1.1406,-1.3693,0.6897,-0.3134,2.9418,1.9092,4.3588,1.1017,4.1261,3.4759,2.6131,0.8715,2.7845,1.0016,-0.6338
A,3,0.9216,1.1389,1.5153,-0.2109,-0.5791,-0.4227,0.7212,1.5874,0.1078,1.2255,1.2537,2.3615,5.6539,4.6926,6.0383,5.3368,4.9945,3.1701,0.7554,0.4097,-0.9426
A,3,-0.8257,-0.8131,0.8338,1.2744,2.0956,2.8258,3.5656,0.7175,1.4517,2.4073,2.9026,2.1346,0.4949,3.2093,4.3738,1.8535,2.8906,1.3736,1.7453,0.8627,2.3462
A,3,0.0272,-0.8436,2.1983,0.9194,1.7035,3.3595,1.5847,2.6036,1.7513,1.4096,1.8825,3.6197,0.929,3.7103,2.2978,2.8291,3.5303,1.0546,0.297,0.5495,-1.0289
A,3,1.3561,0.5921,1.6695,3.0312,4.0004,5.0392,6.0276,4.0542,1.5364,1.8116,2.7027,2.1314,-2.4314,0.1957,-0.1197,0.2291,-0.2031,0.778,-0.3638,1.0799,-1.4216
A,3,-1.4328,1.3629,-1.1838,-0.8861,-0.137,-0.0999,-0.0201,-0.2963,0.5715,1.9304,2.8553,4.2466,5.9498,5.7155,8.6378,2.0456,3.7848,2.1699,1.8642,1.3328,-0.3912
A,3,-0.8302,1.7486,1.6446,3.7101,3.085,6.0062,4.4918,3.9509,3.2239,1.6644,0.7513,2.1413,0.7731,0.3565,2.5773,-0.6905,1.0777,1.1118,0.4764,0.2883,-0.9169
A,3,-0.5712,-0.5745,0.5966,0.8449,0.6675,1.0908,-0.1915,0.6629,0.5702,0.6089,1.5794,3.25,1.5161,3.324,5.4945,3.5939,3.5652,3.7559,-0.9083,1.4467,-0.6741
A,3,-2.8406,-0.0767,2.4348,2.1909,4.7203,2.5909,5.8168,4.5195,3.4137,3.1367,3.5433,1.5269,0.6016,0.228,0.7659,2.1704,1.2399,1.3518,1.662,-0.5169,-0.4146
A,3,0.2845,-0.1051,1.1266,1.994,2.8128,2.4121,3.2606,-0.7976,1.2974,1.3714,2.9657,4.2921,2.6833,3.5998,4.1888,3.1514,1.5309,4.15,1.1063,-0.2285,-1.7165
A,3,0.4716,2.2049,1.7578,2.5349,2.2153,2.7231,3.4822,4.983,1.9642,1.6805,1.8898,-1.1631,3.3453,0.5038,0.4517,1.513,0.6188,-0.9764,-0.8952,0.6944,1.0313
A,3,-0.8137,1.3077,2.3599,2.0237,3.7516,3.9506,4.9817,4.2189,3.5245,1.9316,1.2089,0.911,0.9481,-0.6757,-1.5639,-0.7011,-0.2102,-0.3311,2.1424,0.7642,0.7618
A,3,2.2222,0.645,0.6787,1.3075,-0.9389,0.5464,0.555,1.0114,1.6817,2.4452,3.4807,3.4908,4.394,5.0494,5.1475,5.8103,5.4688,2.7565,3.881,-0.3704,1.5702
A,3,-1.4133,1.2119,2.221,0.8176,2.237,4.4574,4.2036,3.6563,4.3203,4.2983,2.4181,2.7547,-1.4368,0.8523,0.785,1.0699,0.0339,0.0485,0.2513,0.0354,-0.8456
A,3,0.9871,0.5982,2.3649,2.7199,3.5626,4.3611,5.0364,4.512,3.4442,3.2874,1.9174,-0.5858,-0.6987,0.0477,0.1673,0.0196,0.7521,1.2867,2.1877,1.8016,-0.3034
A,3,0.6854,-0.3882,2.3987,2.1162,1.9833,1.5045,1.9762,3.4046,2.4627,1.2162,2.4582,1.7443,-0.15,1.8498,3.3769,2.584,0.6605,-1.9637,-0.3684,-0.2172,1.1292
B,1,1.2888,0.8554,-1.1218,-1.0148,-0.2513,-0.4927,1.8691,0.71,3.6557,3.9036,4.427,3.7872,4.8618,3.8975,2.8067,2.0567,2.4329,-0.1512,0.0471,0.0054,-0.5477
B,1,-0.6288,-0.0512,0.7476,-1.4841,0.2207,-0.2792,0.9182,0.2939,2.0341,4.0027,5.1589,5.2822,2.4717,3.4641,4.5886,3.6394,1.31,1.6822,2.8717,0.5495,1.044
B,1,0.2271,0.8712,0.518,1.3273,-1.2873,-0.5012,0.3426,0.3908,1.8224,3.0796,2.8325,3.565,3.8755,3.7717,5.4426,3.547,3.0632,2.8731,1.3701,-0.6259,1.5229
B,1,0.648,-0.427,-1.1112,0.7482,-0.994,0.3807,0.476,2.2903,2.6948,2.3566,3.3209,4.5606,3.6334,4.3973,3.7013,4.6252,1.287,2.8126,0.3851,1.0354,-0.0431
B,1,0.1767,2.0858,-1.8554,0.9615,0.7504,0.0238,1.6615,0.6626,2.2712,2.3997,4.2941,3.0068,2.5881,5.2536,4.7038,2.6224,3.5857,3.1553,3.6054,0.2708,-0.3313
B,1,0.2785,-0.6589,-0.8753,0.0468,-0.4318,1.0756,1.947,2.8999,3.0881,3.7695,4.7728,5.9602,2.3357,2.2334,2.2873,2.2432,1.1545,2.1032,-0.2943,-0.4607,-0.1379
B,1,-1.2424,-1.2752,0.1467,1.175,-0.3093,1.113,3.1912,2.2367,1.1169,3.9048,4.4569,5.0326,2.2618,2.7526,5.2332,1.366,1.3338,1.814,0.8227,0.3675,-0.9723
B,1,-1.015,1.7524,0.9568,-0.9412,-0.0836,0.4176,0.4831,2.3082,2.946,5.6489,6.8161,3.1888,4.2498,1.3707,3.2455,2.6548,1.6354,0.4057,0.9024,0.0727,0.3218
B,1,-0.5241,-1.0518,-0.3345,-0.7651,-0.6058,-0.1343,0.0857,0.2772,2.0891,2.5396,2.6803,1.1696,3.663,4.4712,3.5794,4.8263,3.4291,3.4424,0.584,3.0124,0.5533
B,1,0.4119,-2.8895,0.0444,-2.1801,0.4575,-0.8138,1.213,2.2208,0.5733,2.6901,3.3707,4.4796,6.0199,5.391,6.7351,3.3563,3.8055,3.4129,1.6937,-0.0582,-0.2528
B,1,0.3342,-1.1708,-0.9516,-0.0586,0.2512,0.9603,1.8675,0.7592,3.1662,2.9477,2.8959,2.8456,4.9072,4.3486,6.3861,2.3527,1.9314,2.7518,1.5836,0.7956,-0.1144
B,1,0.4935,0.2675,1.8535,-0.9753,0.5772,1.6234,1.0371,4.8168,3.4949,4.4411,5.7824,3.34,4.0436,3.4623,0.9699,1.5656,1.1951,1.3032,0.5506,-0.6319,-0.9517
B,1,-0.8026,0.7531,-0.6676,-0.1749,-0.774,1.1337,1.646,2.9339,4.6777,5.92,5.2299,5.9881,4.0391,3.5179,4.286,1.7934,1.6607,-0.3934,1.6026,0.4353,-0.2267
B,1,0.8876,-1.0592,-0.3936,1.3604,0.5854,-0.3667,1.9664,0.6825,2.0145,1.4463,2.2409,3.5026,2.4053,5.392,3.5196,2.1514,1.9314,1.7454,0.639,-0.2397,-0.1947
B,1,1.1949,0.3132,0.2713,-1.1477,0.2608,-0.1006,1.6606,0.8853,1.8857,2.2386,5.7348,3.5654,4.8528,3.6378,1.4712,1.5266,2.1427,0.6274,0.5554,1.9431,-0.0218
B,1,0.1638,-0.2672,1.5073,0.7131,-0.5258,-1.3722,-1.4163,1.1533,0.9496,0.6052,5.2506,3.8077,4.4731,4.6323,3.6127,4.3189,4.8614,3.9624,2.4786,0.9325,-0.079
B,1,0.1453,0.35,-0.466,-0.9381,-0.2343,0.9726,0.641,2.541,2.9695,3.2811,3.9503,3.9749,2.9074,3.7445,4.4031,4.1591,3.4873,0.051,1.4323,0.7591,1.2889
B,1,2.7039,0.3281,1.4876,0.1735,-0.0208,2.2139,-0.9784,1.0334,0.1252,3.0838,2.8251,5.9261,1.6315,6.4851,5.967,3.3964,4.8149,1.9581,0.9387,-0.3314,1.7556
B,1,0.0854,0.5296,-0.5546,-0.747,-0.7112,0.0357,0.178,-1.1387,0.177,3.3987,3.566,4.4521,4.7501,5.117,3.9175,3.2292,2.7039,1.8324,1.4048,0.6032,0.7476
B,1,2.0276,0.0881,0.1,-1.4243,-0.6247,1.2274,2.1139,2.6828,3.3257,5.2425,4.0694,5.8184,5.3256,2.6949,3.7916,1.1408,0.3924,1.2441,1.8212,0.4212,0.6074
B,1,-0.3023,-0.9102,0.6698,0.4745,0.6179,0.89,0.407,-0.417,2.5999,4.1679,2.9882,4.238,5.1574,4.2853,5.4684,3.1979,2.0656,0.5278,1.5791,-1.346,0.5164
B,1,0.3301,-0.4249,1.5312,-1.3352,0.237,1.8505,-1.3708,-0.4076,0.0959,2.3231,2.0665,2.1625,3.9745,4.0965,3.8367,3.8743,4.2936,2.8292,1.7553,1.2798,-0.3701
B,1,-0.4745,-0.2165,-2.0453,0.3378,-1.9598,0.0196,0.0371,1.1239,0.5124,0.9029,1.8721,3.5886,4.5124,4.7184,4.488,3.9418,4.6498,2.0364,1.0524,-0.5302,-0.1889
B,1,0.0934,-1.1671,-0.6123,1.0037,-0.2109,0.788,1.3217,2.5239,4.2956,5.1764,7.5233,5.3348,3.7273,2.4057,3.1795,2.257,1.0831,-0.169,0.4585,0.2498,0.5208
B,1,0.3162,0.0343,0.4484,0.9232,-0.0098,-0.1643,0.9906,0.84,3.7098,4.2056,3.1337,4.7001,4.9451,4.1646,0.5425,0.8905,-1.5649,1.402,1.0718,0.1798,-1.0614
B,1,-0.1086,1.3557,-0.0798,-1.4438,0.5713,0.7844,2.7415,3.5425,4.4523,3.5785,5.1836,7.086,3.3418,3.7485,4.2233,-1.0898,0.6142,1.6637,-0.5599,0.8582,-0.3533
B,1,0.4398,0.3762,1.074,0.1231,-0.8648,0.0393,0.8507,2.1117,2.7994,2.2693,5.6771,4.7278,2.8101,3.9006,4.1723,2.2682,0.5872,1.2371,0.3925,2.1846,0.605
B,1,1.9841,0.2098,0.2435,-0.7207,-0.744,1.336,0.3208,1.9937,2.6071,3.5373,5.4956,5.4089,2.6929,2.1445,1.7781,1.3437,-0.1353,-1.4416,-0.3248,-0.4473,0.5925
B,1,0.6231,0.024,0.7073,-0.6144,-0.0062,-0.7004,-0.9597,0.8329,0.7401,1.482,2.7059,4.1331,4.4103,4.7612,5.6719,3.0707,3.2199,2.6148,0.5463,0.9496,0.3116
B,1,0.4469,-0.3704,0.9001,-0.3941,0.5035,-0.6949,0.7005,-2.0232,2.085,4.2825,4.6207,2.9708,4.4809,3.5783,4.7265,3.4801,3.1518,1.231,1.8229,0.3065,0.5524
B,1,1.1789,0.9435,-0.8978,0.4988,-0.8997,1.6467,-0.745,1.4023,2.1297,3.1741,3.035,5.6994,4.0635,2.8795,5.6956,4.4496,1.5088,1.3831,0.3964,-0.0026,2.0246
B,1,-1.4153,-0.6752,-1.0355,-1.2193,0.8016,1.902,2.563,1.6819,4.3146,5.7276,5.046,6.5243,2.6871,4.0231,2.8777,0.268,-0.3287,-0.8587,0.9047,0.136,-0.2131
B,1,-0.2751,-0.0601,0.2624,0.15,-0.6952,0.0522,0.4572,2.4367,2.5944,4.3266,6.5818,3.4311,4.6414,2.6815,3.5102,3.1896,0.3895,0.3713,-0.4409,2.5186,0.2566
B,1,0.3387,2.812,1.3928,1.1715,0.3748,-1.0349,-0.5738,-1.2815,1.0736,2.5288,2.2531,3.4204,2.9693,6.0014,4.9244,6.009,4.7218,2.2464,2.2521,1.4092,1.1093
B,1,-1.8526,-2.1346,-1.3082,1.4108,-0.3882,0.4669,0.2831,0.4968,2.2299,0.2237,4.051,5.5552,2.4493,6.0131,5.1671,2.1933,2.4926,3.4648,2.4496,0.3742,-1.1078
B,1,0.579,1.1946,1.1044,-1.6803,1.037,-0.336,-0.835,2.9703,4.812,2.8857,1.7308,5.0054,4.743,3.1356,3.7967,2.0771,2.0073,-0.0585,2.3046,-1.6434,0.6842
B,1,0.4984,1.0124,0.484,-0.029,-0.1043,0.3534,0.6597,0.7362,1.5859,1.3936,-0.2878,3.7948,3.873,4.966,5.4178,5.2552,2.9658,1.0472,1.2849,0.3917,1.5037
B,1,-0.8018,-0.6309,-1.3406,1.7443,-0.5799,0.3395,0.6578,2.282,1.9084,4.3719,3.5749,4.2721,5.5097,3.9051,4.2025,4.0679,2.6255,0.8805,0.6636,-1.2737,0.6509
B,1,1.3565,-1.4049,0.3474,1.2527,0.3565,-0.3851,0.172,1.6264,2.8252,3.1782,5.7609,3.8621,3.2762,5.3477,4.6156,4.015,2.9021,2.0571,1.4873,0.4523,-0.328
B,1,1.4651,2.7912,-1.1566,0.3584,1.7613,0.5092,1.6421,2.6861,3.8683,4.2417,4.1077,2.6884,2.9495,3.4314,3.3099,1.2856,-1.6496,-0.8232,1.0176,0.9029,1.0375
B,1,0.3285,0.5354,-0.3618,-0.5721,-0.1214,0.1099,-1.3111,-0.6716,-1.3686,0.1394,1.4467,3.0106,4.5201,4.4063,4.3015,4.6887,2.9486,2.594,2.6544,0.9917,-0.6723
B,1,-0.7924,1.0994,0.1632,0.4535,1.4192,-1.3448,0.3061,0.3903,1.3383,0.895,0.3869,3.4256,3.7074,5.8789,5.0254,3.3273,1.5382,2.4559,1.2118,-0.3617,-2.6267
B,1,-1.3671,1.3069,0.2142,0.0387,1.4024,-0.3068,1.1707,0.999,0.5015,3.5292,6.0359,4.4824,4.0149,2.4687,2.2531,3.0675,-0.5234,-0.2812,1.1713,-0.0171,-2.2563
B,1,2.1024,-0.4265,0.0993,-0.0715,1.1181,1.9918,2.6717,0.7799,2.384,3.4003,4.0931,5.6519,4.2585,3.7048,2.6099,3.8854,1.584,1.3073,1.3289,-0.1657,1.0376
B,1,-0.4624,-0.0379,-0.3285,-0.8156,-0.56,2.165,0.9384,3.4352,3.7917,3.9206,5.078,2.8594,4.8195,3.9372,3.2188,2.8597,1.3218,-0.7154,1.722,1.3498,1.1136
B,1,0.2666,0.1089,1.2274,0.9888,0.0491,2.9734,1.2035,2.2801,3.2512,4.9883,6.6351,6.3323,5.1359,3.4756,2.2902,1.455,1.1062,-1.0713,-0.034,0.8056,-0.5681
B,1,0.7378,-0.3168,-0.4652,-0.5959,-0.6885,1.9847,0.9203,1.3102,1.785,2.4192,3.5808,3.148,4.2496,4.4697,4.0834,2.2842,2.4532,1.58,1.8644,1.8108,-0.4403
B,1,0.0963,0.4229,-0.3732,1.2254,2.5533,0.9367,1.215,1.327,3.0241,2.7494,3.2632,2.9906,4.6362,4.3059,4.7131,4.2366,-0.0332,1.1879,1.3169,-0.0404,0.0572
B,1,-0.1908,0.1442,-0.9021,0.0809,-0.6092,0.2722,0.1944,-0.8896,-0.5622,1.0995,3.7708,3.345,4.0162,4.927,4.0791,4.1647,2.5954,3.0246,1.2995,-0.4714,0.1295
B,1,-0.6913,-0.2815,0.4942,0.6616,-0.0684,2.0668,2.0387,3.5428,2.9707,5.3943,7.8412,4.8322,4.7099,3.644,2.3776,2.7208,-0.0627,0.4178,-1.3766,0.6511,-0.2224
B,1,0.9776,1.2204,0.6537,-0.8397,0.4961,-0.2086,1.211,0.8299,1.5053,3.1177,1.5846,2.7047,4.0809,4.571,6.5799,5.9378,3.622,3.9985,2.4697,2.1784,0.3284
B,1,1.1413,-0.3021,-0.4663,-0.3065,-1.0923,1.3759,0.1621,2.1766,4.1702,4.4788,5.1181,4.6284,3.3531,3.4541,2.9085,1.2278,0.8283,1.0129,-1.1377,0.235,-0.8469
B,1,0.3369,0.5959,-1.9648,0.3368,1.6134,-0.1888,0.625,-1.7115,2.7168,3.9363,4.3932,3.5799,3.7593,4.2555,3.3356,2.8753,3.6316,1.721,0.3305,0.969,0.1977
B,1,1.0257,-1.0309,0.9263,-0.3789,1.4807,2.1898,1.8559,3.064,3.4613,3.5191,4.2004,5.2745,4.2063,3.5232,2.3696,3.1214,0.3314,0.735,-0.4456,-0.9361,-0.7692
B,1,1.1879,-2.2673,1.1244,0.5863,-0.1648,0.1395,-0.3511,1.6464,0.588,2.1599,1.1565,4.6639,3.6276,3.8522,6.3814,4.5788,4.0165,0.9743,1.2265,2.4884,-0.2619
B,1,1.3633,0.8704,-0.8485,0.0727,-0.9544,1.0464,1.1016,2.5848,3.2534,4.0065,5.0005,4.9857,4.1556,3.6371,2.1139,2.4275,0.5435,0.3546,-0.7348,-0.3322,-0.2211
B,1,1.6301,-0.327,-1.6637,0.4496,-0.4723,2.2189,-0.9676,2.1557,2.3573,2.5873,5.3631,4.3181,5.3963,3.3252,3.7614,4.3451,3.4225,1.3384,0.5724,-0.7716,0.606
B,1,0.7193,-0.5177,-0.0959,-1.641,-1.1399,-0.9274,0.6654,2.2893,2.3991,3.3313,4.5886,4.5955,4.2019,3.9535,3.4401,2.7016,2.9975,1.1215,1.5939,2.0719,-0.3311
B,1,0.8402,1.5639,1.0803,-0.0628,-1.28,-1.1343,1.5818,1.568,1.6356,4.3562,3.9764,3.1841,5.407,3.9038,4.1895,2.6687,2.4794,2.2127,0.1734,0.161,0.1048
B,1,-2.0424,-1.4885,-0.0715,-0.9672,1.1254,-0.4389,1.2362,3.906,3.3709,4.5178,4.991,4.1489,4.8428,2.3897,3.1175,3.3981,-0.1179,1.2439,-0.5103,-1.1727,0.4768
B,1,1.263,-0.5731,-0.0953,-0.0819,1.4251,-0.5604,0.8048,-0.4375,0.0995,2.7108,2.8363,2.5679,3.8661,2.5714,4.9425,3.3524,2.8993,2.5354,1.8368,1.3254,0.0219
B,1,-0.4268,2.4483,0.1716,-2.9643,0.5125,-0.4776,0.0796,-0.9154,0.5788,1.133,5.1419,4.9693,5.0488,4.4374,4.392,2.5718,3.4984,-0.7246,0.9449,-0.2745,1.1037
B,1,-0.2888,0.3988,-9e-04,-1.1254,2.5774,0.8514,-0.536,2.5476,1.4961,3.0231,3.4629,4.058,3.2581,4.1134,4.6706,3.8497,2.4523,2.6939,0.4767,0.2099,0.3608
B,1,-0.112,-1.1611,0.3123,-0.4308,-0.8755,0.2001,0.7472,3.2324,2.5351,2.9925,2.452,3.1724,4.9303,5.0272,3.169,4.1642,2.0387,3.0824,1.4115,-0.1132,0.5718
B,1,-0.0473,0.2022,1.0702,0.6829,-0.1322,-0.1974,0.825,1.3568,2.9881,4.4653,2.769,6.3528,6.1788,3.6761,2.7888,3.594,1.9875,1.9344,1.4108,-1.2003,-0.2516
B,1,0.0742,0.5395,-0.9515,0.1158,0.3116,-0.9453,1.0715,2.0175,2.9184,4.4985,5.1516,5.4841,4.4176,3.8466,2.1236,3.2332,0.9039,2.6757,0.2364,0.2811,-0.0682
B,1,-1.507,2.0668,2.1918,0.2714,0.8143,-1.4347,2.0217,3.428,3.1218,4.1576,4.5411,5.7264,3.6765,4.9457,2.3476,0.3518,1.828,2.5933,-0.1143,2.1371,-0.5262
B,1,0.7753,-0.855,1.0846,-2.5925,1.5307,2.1303,4.3349,0.1758,1.3218,1.6917,1.3957,2.2607,4.153,5.004,3.2243,4.1871,3.7117,2.1116,-0.4946,0.4778,0.6613
B,1,-0.7348,2.6281,1.2116,-1.8013,0.3835,0.2148,-0.5301,3.0608,2.5338,4.8754,5.943,5.9001,2.312,3.4453,2.8784,0.9561,0.4034,-0.875,0.05,0.4798,-0.7074
B,1,-0.5387,-1.2016,1.5952,-0.7506,0.7727,0.9591,1.0001,-0.9279,-0.4351,1.7468,1.4738,3.9301,4.6881,5.1151,7.5499,5.8386,4.9965,4.2574,2.439,0.2672,1.6863
B,1,-0.245,0.9757,-2.3357,-0.7722,-0.0187,0.7731,1.9671,1.1121,1.1765,2.1469,2.6215,2.6142,4.4829,4.9182,6.5647,2.9943,4.9138,0.6294,3.0592,2.307,-0.1483
B,1,-0.4256,-0.836,0.4756,-0.7948,-1.893,-0.0541,-1.8688,1.114,-0.2818,1.9288,2.5252,3.7252,2.3957,4.0405,5.1305,5.2005,2.9713,2.6089,1.0063,1.3321,-0.1967
B,1,1.0151,1.5291,1.1051,-0.3994,-0.0713,1.2846,1.4588,2.1305,1.3691,4.1881,1.136,2.1149,3.0782,5.5255,2.2749,3.1386,1.6281,2.8279,1.3483,1.2721,0.4921
B,1,1.0234,-2.3623,0.6628,1.5729,-0.757,-0.9484,1.2883,1.4799,1.1502,1.6612,3.0629,3.4956,2.5152,2.8736,4.0561,1.4885,2.2239,1.3407,0.1853,1.1558,1.5701
B,1,0.0256,0.8377,-0.3439,-1.5413,-0.5529,0.139,1.6051,2.9654,2.7562,4.9251,5.4983,5.2568,3.4339,3.6911,3.7168,0.3499,-1.0642,-0.2659,1.3171,-0.7357,-0.465
B,1,-0.9938,1.2748,-1.1977,-0.3464,-0.3442,1.2738,0.1725,0.9997,0.4693,1.3139,2.0045,2.8144,4.8261,5.9428,4.4309,5.2562,3.6981,2.7722,3.4906,0.7623,-0.592
B,1,0.6016,0.7712,-1.9408,0.4767,0.107,0.5968,3.2449,3.4867,3.7671,5.5327,5.6101,4.5639,4.7807,5.8412,1.2886,1.5607,0.1226,0.4617,-1.2858,0.3098,0.1697
B,1,-0.212,-0.5239,-0.6108,2.5555,-0.1607,0.2911,0.7401,-0.3071,0.2145,2.2908,2.6098,4.3555,3.5097,4.2721,6.7883,3.0623,3.3953,1.5929,3.0073,2.7663,-0.7788
B,1,1.6655,-0.4626,1.4087,-0.3837,-1.0066,1.3017,3.4926,1.6324,1.1325,3.2273,4.1158,2.6358,5.4201,3.0567,2.6197,2.3402,1.7636,0.5697,1.6813,-0.4963,0.2216
B,1,0.095,-1.3694,-0.6335,0.7942,0.1364,0.0746,0.775,-0.0238,1.8299,1.9332,5.6227,3.771,1.2466,4.6634,3.1193,2.2797,3.2612,3.0471,0.4799,-0.8395,1.3771
B,1,1.095,-0.9134,-1.4862,0.5396,0.2003,2.2399,1.6446,2.7327,4.4094,3.7074,5.368,4.195,4.9096,2.6073,3.7683,0.8597,0.6263,1.5891,-0.1031,-0.4702,-0.0038
B,1,0.2295,0.1381,-1.108,-0.4042,1.0974,-0.4083,1.8848,2.1616,3.2159,3.2073,3.8365,3.8848,4.0253,2.7265,4.6654,0.7443,0.6077,2.3832,1.0272,1.5843,-1.2484
B,1,0.8886,0.912,-0.8111,1.6582,-0.2957,1.8401,0.2215,2.7843,3.3023,1.6263,3.2966,4.9436,1.6642,5.6695,5.1003,3.5801,1.8267,3.2252,2.3259,-0.1751,-0.6179
B,1,0.2924,-0.5862,1.7263,-0.1496,0.2867,-1.177,1.0654,1.3354,-1.3701,0.5506,0.7447,3.7628,3.5755,4.6058,5.4888,5.1215,3.0162,2.3706,1.0481,0.8147,-0.9621
B,1,1.0991,-0.4189,0.0125,-0.9483,-1.1091,0.9109,1.9349,0.7701,-0.3246,2.0684,1.6754,3.3465,2.945,4.9894,6.9049,2.7617,6.3381,3.1078,2.5053,-0.2234,1.1924
B,1,0.5021,0.3464,0.2559,-0.2809,0.1435,1.7541,2.0065,4.1461,4.0206,4.0633,4.8874,5.4778,4.1795,1.2412,0.8982,1.3794,0.7335,0.5709,-0.1943,-0.7631,-0.3836
B,1,-0.3849,-0.5433,-1.3921,-0.7626,1.0428,-1.3958,1.1198,-1.0155,1.5867,2.5451,0.67,4.1546,3.5139,6.2676,6.152,3.9564,4.041,2.4238,1.9276,1.0728,-1.0095
B,1,0.5787,1.1897,-0.9477,1.0239,1.546,0.091,0.4463,0.2709,-0.6459,2.5734,2.414,1.9187,4.0786,4.5411,6.1786,4.1695,3.4069,1.7282,2.4062,2.0816,-2.1568
B,1,1.1308,-0.913,1.2902,1.868,-0.9666,-0.2387,2.5985,2.4551,5.3501,4.229,6.1172,4.9835,3.4971,4.116,3.6338,2.0991,1.5869,1.1361,-0.3541,-0.7943,-1.4926
B,1,0.4153,-0.4618,-0.1339,-1.0279,-1.3555,-0.2953,1.7062,2.2826,1.6598,2.9444,4.7112,3.815,3.2938,4.2362,3.8902,4.9926,0.8019,2.9369,0.258,0.7659,1.0258
B,1,1.0253,-0.9913,-1.1322,-0.2609,-1.4249,0.459,2.2161,1.9868,2.8929,1.0577,5.5946,5.0981,3.8485,5.1342,4.1732,3.9109,1.9136,1.9835,1.0509,1.8599,0.6627
B,1,0.7057,-0.4493,0.5974,-0.3007,-0.0233,3.1185,2.1752,3.1398,3.375,4.1938,6.4323,3.6244,4.1201,2.7068,2.0977,-0.2144,2.727,1.3668,0.8179,-0.1745,0.3318
B,1,1.8689,0.0292,1.0447,0.7676,-2.3603,0.0821,3.2095,3.357,6.5262,4.8259,5.2147,5.2273,4.3225,3.7348,2.3591,2.7402,-1.5966,0.3505,0.8152,0.1387,-2.6407
B,1,0.9172,-0.6916,-0.4299,1.0006,0.0283,0.3798,-0.2582,1.6264,2.1284,2.0823,2.8478,3.5331,5.2541,4.9925,3.2503,3.4248,2.9418,0.9391,2.2909,1.2085,0.4246
B,2,-0.6511,0.016,1.367,2.3973,1.8627,4.9661,2.5269,4.9684,4.2552,3.6918,2.671,2.4907,2.091,2.578,0.7462,0.5844,-0.8541,-0.8524,-0.8099,-0.6292,1.6146
B,2,1.3556,-0.1234,2.2168,3.17,4.2388,4.9483,5.3472,4.9026,3.8999,4.8325,3.0285,2.8045,2.0222,0.7545,1.1851,-1.263,0.5732,-0.0297,0.5855,-1.0573,0.349
B,2,0.1014,2.765,2.039,2.3639,2.9188,1.8462,3.8988,5.0408,3.8297,2.937,1.8277,3.1083,2.2281,2.6725,1.6055,-1.3256,0.1803,-1.6509,1.1387,-0.9293,0.022
B,2,-0.453,-0.5657,1.3889,1.491,2.6775,2.4897,1.2816,3.86,5.0484,4.8606,7.0009,5.1453,2.1036,2.084,1.6879,2.7849,0.3157,0.9439,0.7926,0.886,0.6653
B,2,0.9807,0.6988,-0.0569,1.1766,1.591,3.816,2.3323,2.1963,4.4383,3.5003,5.0767,4.9184,1.9993,0.2679,5.713,0.7432,-0.0123,0.3751,-0.5082,0.5263,1.1584
B,2,-0.9553,0.5118,0.3085,1.1611,4.6391,4.9987,6.1245,6.5274,4.3442,3.436,2.1717,2.1589,-1.2948,-0.1983,-0.8432,1.6732,0.8045,1.8491,1.5079,0.036,1.2457
B,2,0.1572,2.2376,1.0665,1.7702,3.569,4.0278,5.9842,3.9378,2.5713,3.435,2.981,1.8423,1.0415,3.0754,-0.7448,-0.3227,0.7711,0.7355,0.2625,-0.0398,-1.7293
B,2,-1.0078,1.3974,2.3563,2.7011,3.3012,5.4603,6.7963,2.4807,4.312,3.9616,2.9626,2.675,2.0078,0.5101,1.3507,0.047,0.3578,1.2745,-0.8537,-1.2421,-0.6925
B,2,1.0515,-0.5382,-1.3438,0.9739,0.3659,1.8218,4.8663,3.7976,2.3723,3.597,5.5328,4.6134,2.5792,2.9855,2.8388,0.1155,-1.3772,-1.5039,2.0517,0.2095,-1.7289
B,2,0.2365,0.3929,-0.4571,1.1567,0.1216,2.6419,3.4349,4.9164,4.0192,4.3567,3.3851,3.9135,2.7629,1.5027,0.5891,-0.1587,0.8553,0.6538,-1.3819,-0.0863,0.1431
B,2,0.1657,-0.7601,1.6112,2.3004,3.167,6.7126,5.0704,4.1692,5.4055,2.3314,2.8786,1.4051,0.8759,1.2423,0.8044,1.0791,0.1454,1.4308,-0.3337,0.2588,0.4378
B,2,0.8659,0.1681,1.3876,1.6771,3.7031,5.1059,5.133,4.0146,4.2746,2.6143,1.279,3.7286,-0.2633,-0.0761,-0.9734,1.5859,-0.226,2.7195,-1.2623,0.9359,0.2577
B,2,-1.825,1.7874,1.3368,1.5231,3.9608,5.3033,4.1815,3.2119,5.1049,2.6368,1.2392,1.262,0.4454,0.1049,-0.4619,1.577,0.2324,-1.3011,-1.8906,0.493,1.9165
B,2,-0.5682,-0.1508,0.3278,-1.2496,-0.3853,-0.731,1.7575,4.3672,2.2232,4.3342,5.2803,5.0275,4.9156,1.7327,1.0603,1.5322,0.8435,-0.5934,-0.0418,0.3024,0.6805
B,2,-0.7835,0.7061,1.0657,-0.4331,2.288,5.1146,4.6573,4.8726,2.7154,4.9606,2.4136,1.1691,-1.2736,0.9449,1.0712,-0.4114,0.9353,-1.185,0.0212,1.9261,-0.1418
B,2,0.497,1.0301,1.5965,1.5692,2.2719,4.9632,6.2584,2.6437,4.8108,3.9302,1.4575,3.769,1.2402,0.8223,0.0577,-1.1118,-1.9874,1.5098,0.6151,0.3704,1.7904
B,2,1.1969,1.6114,0.8614,2.2232,0.8463,3.5443,4.3655,2.3103,5.0988,5.1744,3.954,3.727,0.5795,0.8452,2.926,0.1342,0.0863,1.6303,0.4943,0.4124,2.2638
B,2,0.0672,0.8107,-1.2408,0.6876,0.5088,3.625,4.297,2.6901,2.8773,6.2593,5.6111,5.5429,3.329,0.996,0.9297,1.6946,0.7949,1.5352,-0.0795,-0.6021,0.7642
B,2,-0.8175,0.2276,-0.9903,1.4923,3.4081,3.4418,3.2553,5.0636,3.6874,4.6331,4.7043,3.941,1.1587,2.5515,0.2605,0.4029,-1.2571,0.4318,-0.1865,0.1114,0.1729
B,2,1.113,-1.942,0.0309,-1.5736,-0.7916,1.9467,2.3937,3.338,4.1022,7.3535,5.9709,5.6956,3.1869,1.8774,0.1854,0.2792,0.8748,0.6437,2.6583,0.02,-0.5493
B,2,-0.6958,0.4454,0.4689,2.292,1.201,3.3098,4.0078,3.622,3.5513,4.6444,2.9387,3.6057,1.3887,0.9754,0.8151,0.0298,-0.5682,0.0016,-0.6745,0.5931,-0.3849
B,2,-0.9293,-0.0232,1.1743,2.8953,3.7198,2.8246,2.7856,5.9807,4.8323,5.6836,3.4997,2.6615,0.5387,0.9816,0.8146,0.316,-1.2527,1.7323,-1.1469,0.2953,-0.422
B,2,-0.1373,0.727,2.2789,0.4752,2.6614,4.3939,6.5117,4.6024,3.4782,2.777,3.4707,0.2572,1.9963,1.4885,-0.1512,0.4581,-0.2977,-1.1191,-1.3063,-0.6419,-0.6909
B,2,-2.1646,0.1126,1.002,3.2389,0.9692,2.87,3.0328,4.5237,3.3619,3.8674,3.8171,4.0355,2.6167,1.9304,-0.0908,-0.2999,-0.0726,0.4913,0.5093,1.1433,-0.8854
B,2,0.1621,-1.2591,0.877,-0.5567,2.108,1.5245,2.0849,2.2904,1.4113,5.9862,6.3933,4.171,4.2612,2.5605,1.0716,-0.3849,-0.0887,2.0777,0.8928,0.8005,0.9651
B,2,0.2083,0.653,0.1588,1.0401,0.5305,2.3516,6.6739,3.6039,2.5443,5.6123,4.1399,3.4535,4.6199,3.649,1.4714,1.7811,-2.51,0.3516,-0.6341,0.1625,0.9635
B,2,1.739,-1.2852,-0.9632,-1.1881,0.8807,0.6274,1.034,1.8618,4.9553,6.1916,5.8277,4.9138,4.3435,2.6459,3.4278,2.1278,0.324,0.3583,-1.1613,-0.7885,-0.7101
B,2,-1.1021,0.8076,1.5649,2.2093,2.8995,2.3528,4.315,5.0272,3.6718,3.5909,2.6906,0.8529,1.8505,1.7417,1.2841,-1.7387,-0.1179,0.7222,1.3634,0.8726,-1.135
B,2,0.366,-0.1998,0.9322,1.2128,2.5291,3.779,5.1564,5.309,4.3451,5.7048,3.2475,1.9855,1.0564,2.2294,-1.5871,0.2879,-0.839,0.4062,-0.0302,-1.4463,0.3729
B,2,-0.4774,1.85,2.1378,3.7479,3.1058,4.9221,6.5302,4.8378,3.1943,4.4226,4.0029,0.8755,-0.3227,1.1849,-1.0062,0.6,1.2634,-0.4558,-0.3568,-1.0306,-0.2501
B,2,0.9026,1.2835,0.1867,1.6947,1.8701,2.3099,5.5667,4.0416,4.2704,4.9646,3.7512,3.0497,1.845,1.934,-0.1823,1.3519,-0.6243,-1.3354,-0.0748,1.4181,-0.5774
B,2,-1.4854,0.347,1.6592,1.257,1.3945,4.3182,3.9421,4.6309,4.9993,4.2643,3.5845,4.2555,1.546,1.099,0.0588,2.0671,-0.9759,-1.0614,-0.8499,1.0453,-0.6089
B,2,-0.3444,-0.6673,-0.0538,1.154,0.6721,3.8316,1.7855,2.9172,3.9985,1.2869,2.2701,0.8621,-0.243,0.418,1.1863,-2.0607,0.9739,1.0977,-1.7161,-1.5256,-0.5227
B,2,0.7796,-1.5592,2.0749,1.3634,1.4489,1.2207,2.1581,2.7092,4.6233,5.4386,4.6426,5.4,2.6278,3.1671,1.1374,2.814,0.9859,0.7448,-0.8189,1.5561,-0.179
B,2,0.9313,-1.9618,0.4125,1.1945,0.0496,1.6806,3.2755,3.9981,3.793,4.7343,4.7152,4.8998,4.1363,2.6451,0.5527,1.3092,-0.5774,-1.3929,-1.8434,0.2727,-0.3976
B,2,0.0337,-0.2569,0.2925,2.8906,1.6123,3.5013,4.8389,4.5532,4.1807,1.9312,3.3312,2.1207,1.0407,0.2264,0.0891,-0.2206,-0.1727,0.4127,-0.9316,1.4326,-0.1527
B,2,-0.6349,0.6059,1.3161,3.3265,3.992,3.6454,4.9198,2.8545,5.1712,3.217,1.6026,1.5158,0.4365,-0.388,0.4661,0.2451,-0.5091,0.5618,-0.1218,-0.1103,-1.2702
B,2,1.0213,-0.3781,-0.236,2.2784,0.6953,1.9923,4.8848,6.5239,4.6014,5.4383,5.855,3.3015,1.4365,1.4582,1.35,-0.8082,0.3917,0.0527,0.3333,0.672,-0.4355
B,2,0.877,-1.1311,-0.9108,1.8717,0.5355,0.1587,1.291,3.3462,4.5598,4.3117,6.079,6.259,4.8306,4.013,3.8111,2.91,0.9097,1.4297,1.2782,0.4142,2.4478
B,2,-1.2743,1.1557,1.5796,2.157,1.5917,1.628,3.1193,5.0638,3.7178,5.1543,6.1919,0.2637,0.9294,1.3628,1.6632,1.5973,-1.5731,-1.4256,-0.1602,-0.7008,0.9728
B,2,1.8524,0.318,2.1363,0.6784,1.9175,5.2175,3.0052,3.6165,3.6039,4.5793,1.8573,1.6393,0.8974,1.0013,-0.3024,0.7706,-1.1435,0.7626,-1.288,0.1101,-0.4346
B,2,-1.6617,0.2931,1.9247,2.1598,4.2214,6.3841,5.2446,4.8636,1.9617,3.6274,2.4373,-0.2263,0.7861,1.034,0.3942,1.4929,0.9025,0.1083,1.7787,-0.7449,-0.1847
B,2,-0.5678,1.5259,2.7614,3.0817,3.8704,3.6797,3.8253,4.4949,3.6294,2.8296,3.638,0.1607,-0.1947,1.6775,-1.2985,0.1477,-0.4936,-0.314,1.2008,0.2504,0.92
B,2,0.2538,-0.9205,-0.5718,0.8841,1.219,3.7743,2.4555,3.1243,4.7413,3.9264,3.4157,5.9685,1.8762,3.2518,1.9692,0.0208,-1.8208,-1.2462,0.1465,1.0116,-1.2909
B,2,1.5455,-1.9163,2.2259,3.9563,3.5196,3.447,5.1567,3.827,3.1168,3.7374,2.7061,-0.2502,1.6897,0.1343,1.8538,2.0174,-0.0294,0.8536,-0.2247,0.6511,-1.3648
B,2,-1.5339,0.3419,1.554,0.9826,3.0393,5.1569,4.6961,4.4839,4.1625,4.3442,2.9468,3.1958,1.3165,2.401,1.3313,-1.5205,-1.4197,-0.0416,1.4621,-0.3579,2.0001
B,2,1.4145,1.5471,0.8592,-0.5696,1.8563,1.1278,3.0453,4.4659,5.2022,2.8206,3.7204,2.1753,2.8944,2.893,1.5617,0.2589,-0.5919,1.01,-0.4937,-0.2225,-0.0621
B,2,0.4223,0.7817,1.5159,0.8761,1.2599,2.4127,5.7203,2.917,2.7658,2.3884,2.2209,1.6419,3.0496,2.4687,0.4231,0.6379,-1.0983,0.595,1.3246,-0.4173,0.4841
B,2,-0.976,-0.4381,0.3247,3.4035,3.0347,4.0557,5.092,3.5339,3.546,3.4686,4.6163,3.9275,3.5482,2.4343,0.9546,0.7663,-1.4483,-0.3243,-0.9224,0.1025,-0.9965
B,2,-0.4232,0.2168,0.8112,2.151,3.8318,3.3285,4.2846,1.9046,5.0314,3.3939,1.5002,0.9346,1.2172,1.8142,0.3593,2.4277,1.8624,1.7621,-0.4603,-1.5119,0.2348
B,2,0.8289,-0.0235,0.1001,0.0923,2.1967,3.6669,2.9308,2.3838,3.8111,6.1357,5.214,2.8886,4.0359,1.9228,2.2787,1.9683,-0.2868,1.0934,1.3994,-1.7531,1.2966
B,2,0.6589,1.9091,0.5986,0.1084,-1.8691,0.4585,2.0512,3.5482,4.1545,4.5582,5.3827,6.1532,3.7386,2.1232,1.7276,1.9266,-0.4881,-0.1462,-0.4489,-0.0525,-0.0755
B,2,-0.5437,-1.1788,1.4622,1.4309,2.5731,2.9249,5.2657,4.0747,4.9663,3.2099,1.5327,5.2214,0.637,0.4219,-0.2755,0.1527,-0.5482,-0.8631,-0.8746,1.0239,1.2795
B,2,-0.0483,0.0922,-0.0333,1.2605,3.9485,2.6,2.6408,4.3578,4.6553,1.7183,4.0046,4.6754,1.6277,-0.5462,2.5794,1.5412,0.6004,0.4818,0.6962,1.19,-0.1611
B,2,-0.7277,-0.1667,0.956,-0.399,-0.2442,0.3227,2.7001,3.8961,3.4086,5.9484,4.5133,3.2696,3.7095,4.6526,1.4189,1.4709,-1.2548,0.255,-0.0352,-1.9854,-1.3573
B,2,0.1772,1.5326,2.2439,2.4905,2.2273,3.2887,6.1863,3.9238,3.6821,5.3791,3.6998,-0.2947,1.3199,0.5895,1.8564,0.9405,-0.3609,1.1293,-1.3072,-0.5126,1.4335
B,2,1.7074,0.8309,1.0498,3.1051,2.3434,3.0005,7.3126,5.6472,4.7205,3.8559,3.7326,3.8803,1.7339,0.2197,-0.363,0.9925,-2.0607,0.5159,0.862,-1.0914,-0.8643
B,2,-0.1477,-0.4958,2.2876,-0.4873,1.8914,2.4994,4.6682,1.9163,2.7377,5.8506,2.8195,3.5718,1.9899,1.369,0.7358,1.9828,0.1799,-0.921,-1.9104,0.7591,-0.577
B,2,0.3976,0.0253,2.3652,2.5839,3.233,6.7311,5.9302,5.0181,4.368,2.5428,3.1379,2.9228,-1.805,-0.1352,-1.3616,-1.9108,3.2625,-0.9663,0.3044,0.4642,-0.9026
B,2,0.9647,1.9986,1.0933,0.5844,1.3646,2.5928,3.1516,5.9386,2.8615,3.8762,6.0718,4.054,2.5414,3.7686,0.6443,1.9275,-1.1318,0.3369,0.5639,-0.5041,0.2761
B,2,1.2498,-1.814,1.9503,2.9375,1.2032,1.5465,3.1344,3.0229,3.3169,4.7603,4.6123,3.4125,1.9884,2.8548,0.4091,0.0909,0.2791,0.3265,1.0354,0.6428,-0.5415
B,2,0.437,-0.2233,2.8805,2.8612,3.7295,3.8619,4.6278,4.1752,2.541,3.3613,2.4839,2.694,1.1006,0.1524,-1.2388,-0.8235,0.1416,0.1878,-1.6807,0.0569,-0.3317
B,2,0.8364,1.0859,2.4021,0.072,3.9326,4.0908,5.5532,5.2059,2.9079,1.7675,2.9842,1.0568,2.6115,2.1206,0.3171,1.3487,-0.2709,0.3186,1.6658,0.6239,-0.488
B,2,1.0151,-0.1333,-1.1005,1.1365,0.2876,1.8515,2.939,3.7419,5.0963,5.9028,5.0112,3.7228,2.8483,1.3644,0.1756,1.2511,0.8571,-0.1563,0.4803,-1.8894,-0.5728
B,2,-0.0399,0.6536,-0.9406,1.3668,1.5058,2.2388,3.1306,6.3692,3.9961,4.7809,2.6359,2.3819,2.2286,1.2249,0.1115,0.8743,-0.0707,0.9614,-0.268,1.1016,1.7902
B,2,-2.2902,-0.132,0.0248,1.9704,4.0438,4.1324,3.9116,4.4399,6.5471,4.0618,5.6343,1.6362,0.0379,2.9145,2.321,0.8409,1.5336,-0.0752,0.4717,0.639,0.0902
B,2,1.2317,0.8329,2.5687,1.289,2.4592,2.3291,3.2104,3.345,4.0801,4.1461,4.0733,2.3996,2.3213,1.408,2.4258,0.7351,-1.9473,1.4417,0.1182,0.3814,0.8164
B,2,0.0824,1.8563,-0.1423,-1.3475,0.1244,1.4734,1.7794,2.4253,3.9811,3.4749,6.0171,4.4939,3.7448,3.6453,0.6969,0.792,1.6281,0.9927,-1.1526,-0.7211,0.8517
B,2,2.6012,2.2936,0.9347,1.5676,2.8807,2.887,4.1294,2.8009,4.6486,3.7114,3.8748,2.1575,2.4781,0.2193,-0.3941,0.293,-0.557,0.0898,-0.657,-0.6218,-0.0776
B,2,1.2958,3.0634,2.2393,2.4766,2.1584,2.5088,2.4823,3.5807,4.023,3.2461,2.5467,3.0128,2.1908,0.8592,0.5296,0.9051,0.1922,0.0236,0.5856,-0.9438,-0.7986
B,2,0.8115,1.9769,1.5761,2.8945,4.9833,4.151,4.9962,5.2579,1.1756,3.8572,2.5946,-0.9022,-1.2008,0.9296,-0.2265,-0.742,-0.2685,1.3432,1.06,-0.4292,1.8035
B,2,-2.3529,0.2383,1.5927,0.7177,3.2749,3.5406,5.7407,1.8411,3.7585,5.1238,4.69,3.791,2.0876,0.2611,1.1336,-1.1685,-0.8238,-1.1318,0.4253,0.864,0.2807
B,2,-1.3979,0.1195,0.5709,0.8323,3.6406,4.3148,3.8478,5.5321,3.123,2.6589,2.4212,2.1431,-0.7799,1.9837,-0.1342,0.8134,0.0168,0.0509,-1.4345,1.0516,-0.6006
B,2,-0.2419,1.1717,1.8039,1.3408,2.4533,3.1758,3.962,3.5804,4.7772,3.246,3.6372,0.0827,2.3393,1.9687,1.6883,0.4488,-0.0892,0.8094,0.3261,-0.4558,-1.3409
B,2,0.4895,1.0434,2.6724,1.9101,4.5111,3.3768,6.128,4.3998,3.3274,5.4392,1.6504,-0.3343,1.0825,-0.3953,-0.7297,1.1942,0.3088,-1.4532,0.0847,-1.2616,-2.3199
B,2,0.64,0.1119,0.6697,0.5393,-0.4011,0.3068,3.3207,4.1054,3.604,4.9341,6.7499,4.621,2.4015,3.1414,0.8202,2.1094,0.2333,-2.4376,-0.5282,0.3266,-0.1315
B,2,-1.9961,0.4306,3.0666,3.8427,4.5107,5.118,4.0091,4.3996,5.3391,2.2577,2.464,1.0612,1.8282,1.6747,-0.7666,-0.0938,-0.635,1.9976,-0.4745,-0.1781,-1.5004
B,2,1.3649,0.3298,2.4705,1.0529,1.3009,3.4909,4.2836,2.7098,4.3965,3.4324,5.6757,3.4168,3.5118,1.9963,-0.0715,0.9095,0.4417,0.8679,0.3613,-0.2979,1.6814
B,2,0.4213,0.6395,0.9975,1.6305,3.3638,3.4626,4.8219,5.8456,4.6362,4.8673,2.5022,3.0716,0.39,0.3861,0.9778,-1.132,-1.5738,-0.8541,1.5815,0.8778,-0.5427
B,2,0.5267,1.5742,0.17,2.4284,0.0168,3.3591,3.867,4.1284,3.9476,2.8236,5.5402,4.0564,1.9938,0.9319,-0.2344,1.4536,0.4156,0.0389,-0.0158,-2.3864,-0.775
B,2,-0.6619,-0.5179,-1.3068,2.8201,3.1798,1.6054,2.8626,3.2942,3.3059,4.6507,3.7848,2.9772,3.4029,1.0422,1.3987,0.9128,-0.8778,0.6925,-1.446,-1.4939,-1.16
B,2,-1.0848,0.0371,-0.8715,0.5871,-0.3225,1.7263,1.5579,2.9481,4.4142,3.2285,3.4232,4.5576,4.272,3.8233,1.9125,1.1623,0.8232,1.192,0.0811,-1.365,-0.0161
B,2,0.0147,0.7441,0.5384,4.1457,1.2984,3.4908,4.2863,4.5706,2.7337,2.6651,4.4895,3.4573,0.7629,0.4525,2.3305,0.111,0.3242,1.967,0.0324,1.3259,-0.1539
B,2,-0.2806,2.1071,-1.2938,3.0933,4.0973,3.9961,5.1331,5.5727,2.6849,3.8537,2.0339,2.3726,0.3783,1.4146,-0.4536,0.1376,-1.1333,-0.6949,0.9443,-1.5769,1.3527
B,2,-0.1118,2.6488,0.6629,2.8783,2.6218,3.3594,3.7418,3.2272,4.7795,3.3087,3.4706,2.1344,2.6326,1.7751,1.4955,-0.0588,0.4771,1.3141,0.3435,0.6669,-0.0092
B,2,-0.5902,0.4726,2.4193,3.0256,4.9393,6.8124,6.0119,3.6095,3.4898,-0.0815,1.6921,0.8204,0.609,0.4974,-1.0158,-0.7515,-2.2115,0.515,-0.2337,0.9374,2.1236
B,2,-0.7545,1.993,1.1702,2.5685,3.3355,5.4054,5.8466,4.265,2.8614,4.6111,-0.3606,1.5002,-0.8524,-0.5127,0.3798,0.3753,0.0628,0.2264,-1.7584,0.5133,1.254
B,2,0.087,0.4563,0.5054,2.2941,3.1265,5.5236,7.3957,4.2028,4.1219,1.8429,1.6979,2.0836,-0.958,-1.4894,0.7916,0.5863,-1.8677,-1.255,0.1352,0.5706,1.7221
B,2,-0.6151,0.862,-0.031,2.5376,-1.3043,1.7867,3.1835,3.5581,3.4622,4.899,4.6275,3.416,4.0548,3.5715,2.7739,1.3189,-0.3774,-0.176,1.8251,-0.1727,-0.7637
B,2,1.554,-0.781,1.0415,0.7772,0.7056,2.9673,2.5503,3.6078,4.2437,4.1961,3.5957,2.6881,2.2674,-1.4472,1.1247,-1.5998,0.9267,-0.3895,-0.6435,-0.6791,0.9044
B,2,0.7951,1.0711,0.5253,-2.3056,-1.6341,-0.5743,2.8963,2.8329,3.5868,3.7929,5.2513,3.9777,5.1595,4.262,0.7708,1.6665,-0.2642,-0.0949,0.2162,0.0038,0.0048
B,2,-1.9093,-0.8336,-0.7644,1.126,1.9034,2.6583,3.503,5.2345,3.6834,3.2524,6.5192,2.7935,4.0035,1.9141,0.1186,-0.7792,-0.0579,-0.842,1.9835,0.0226,-1.0453
B,2,-1.2007,1.0936,1.9327,2.1048,0.4595,1.7036,4.6565,1.7789,3.8453,4.235,4.5154,5.5093,0.7453,4.0932,1.1207,0.6579,-0.7498,-0.9657,-1.5741,-0.1934,-0.6489
B,2,-1.2946,-0.801,-0.1358,0.8314,1.2438,0.6962,4.4738,4.0516,3.8921,5.5661,3.8499,4.4018,2.4109,3.0037,3.637,0.6103,2.5154,-0.2265,-0.1406,-0.7362,-1.1206
B,2,-0.0399,0.6917,0.8118,1.6255,2.2097,3.4254,3.2988,6.2843,4.7535,4.0689,4.3441,1.7246,0.0132,0.1832,-0.1241,0.3196,-0.8409,0.0071,-1.5664,-0.2983,-1.282
B,2,0.8294,1.3803,1.4016,-1.0073,-0.274,1.1365,1.4675,2.8875,2.99,4.3144,6.6493,4.329,2.9267,3.081,2.3771,1.1961,0.0524,0.4407,-1.2741,-0.6714,0.8657
B,2,0.7394,1.8025,1.0594,0.2319,1.427,4.7532,4.3655,4.1613,3.6191,3.3222,2.7981,3.3061,1.6291,-0.005,0.787,-0.2709,0.0573,1.361,-1.486,-0.1051,-1.4375
B,2,-0.4685,0.712,0.687,1.5411,4.0003,5.1396,3.9382,5.3324,1.7918,3.125,2.7943,2.3739,1.1972,-0.7478,-0.6124,-0.9637,0.4674,0.8023,0.2303,0.1472,0.1309
B,2,-0.1825,-0.9376,2.01,3.4089,3.3324,5.2647,5.0184,6.683,4.1342,3.9035,1.6974,0.8157,-0.5613,-0.1501,1.0885,0.716,1.0645,0.6444,-0.8842,-1.404,0.1104
B,2,2.6679,0.2226,1.1303,2.964,3.3197,5.0696,5.2884,5.1033,3.8924,4.2654,0.9747,0.2581,1.532,1.3538,0.4751,0.4313,-0.9228,-0.2321,-0.3784,-0.0827,1.1605
B,2,0.8532,0.3443,0.0769,1.4155,4.1202,5.3241,5.0076,4.7441,3.5935,3.4958,1.1443,3.5688,0.7172,-0.7229,0.9898,-0.2999,-0.7297,-0.2818,1.1085,0.9687,1.0975
B,2,1.3989,0.8529,0.6703,-0.8548,1.3895,0.6977,1.374,3.5914,3.5796,3.6987,5.4106,4.5715,3.6571,3.0576,1.8226,2.0845,-1.5978,1.5078,0.6975,-1.1408,-0.0718
B,2,-1.144,0.0572,-2.3491,0.241,-0.1339,1.6196,2.0589,3.3844,5.0419,4.7369,4.5168,5.277,2.8996,2.7442,1.053,1.0237,-0.4691,-1.106,0.0212,-0.2173,-0.2769
B,2,-1.8079,1.1143,0.976,2.1099,2.9407,3.8779,4.2507,4.1264,5.0256,5.0019,5.4106,2.5702,-0.1873,-0.6653,0.087,0.7351,-0.5572,-1.1764,-2.4441,-0.3686,-0.3468
B,2,2.1071,0.037,-0.1495,-0.1534,0.4127,2.2171,3.4451,3.79,4.0799,6.7011,4.5851,2.8642,4.0974,1.9872,2.1152,1.37,0.3177,-0.8251,1.8917,-0.3235,-0.8008
B,2,0.5461,0.1036,2.0357,-0.4486,0.1157,2.9079,2.5072,4.6913,4.4,2.8433,3.7278,4.6171,4.3434,3.2104,2.5589,-1.0069,1.9239,1.1301,-1.3147,1.6935,0.9226
B,3,0.1058,0.5752,0.7869,3.2849,0.9527,1.0692,3.5214,2.7773,3.242,1.2016,2.2399,4.5326,0.3126,1.838,0.9783,2.9076,3.2279,0.0815,0.1785,0.0735,-1.1792
B,3,1.4012,0.8679,1.0295,1.2435,0.7325,1.2515,3.1103,2.0414,2.8248,0.6653,1.412,4.9479,4.0626,3.8686,5.1379,4.6639,4.4632,0.8786,0.4341,-0.0839,-1.1567
B,3,0.1104,0.7985,0.636,0.7207,0.6547,1.3983,0.6647,0.498,1.8876,1.365,2.1974,2.2005,2.1049,4.3165,5.4286,3.4053,3.6767,3.1614,1.3673,0.6837,-0.8065
B,3,-0.6772,0.5967,2.804,1.7696,3.2031,3.9531,3.8272,4.5026,3.7809,0.8346,2.0107,1.7657,0.3812,0.4063,-0.7635,2.3813,-0.7485,0.2571,0.2401,-0.1314,0.5466
B,3,-0.6808,2.9598,1.6834,1.5337,4.2469,6.8324,6.675,5.4396,2.0936,1.0848,3.4342,0.3551,-2.49,-0.2763,2.4685,1.2848,1.2889,0.5294,0.4509,1.0985,2.1823
B,3,0.1432,0.7496,0.8764,0.8479,3.9517,0.6818,2.9773,0.7779,1.2657,2.4141,-0.4582,2.8764,3.5677,2.3591,3.4222,2.7325,1.4158,1.0129,2.7451,1.2936,-0.2678
B,3,0.9337,-1.9955,-0.8217,2.2748,-0.1634,1.1141,0.6481,0.5125,0.6194,0.9406,2.3561,2.7666,2.8122,3.155,5.4546,4.1912,2.2483,3.1658,1.3756,0.9956,1.105
B,3,0.9934,-0.2022,-1.0907,1.0535,0.1013,1.5094,3.5252,0.4136,-0.8026,1.0593,3.191,1.1963,3.4842,3.2876,5.6725,6.0425,3.7078,4.4944,0.7017,1.9553,0.4413
B,3,0.8967,-0.1712,2.1112,1.189,-0.0491,1.1932,1.8879,-0.6222,0.4675,1.5149,2.1329,3.6607,1.5432,3.8095,6.0377,4.2465,3.5312,1.0362,1.1193,0.9351,-0.6463
B,3,-0.9236,0.0201,1.8237,1.6033,3.3825,3.8645,3.1509,1.5932,3.1759,2.5852,3.0208,1.5331,2.4983,3.8828,2.0717,1.4071,2.9538,1.1883,1.8572,1.0205,0.0203
B,3,-1.1279,0.6798,3.508,2.6701,3.9761,3.999,5.4328,6.1605,4.105,3.1452,2.3242,2.25,0.6788,0.2377,1.3843,0.8987,2.4503,0.592,1.6688,-0.7687,-1.2282
B,3,0.5101,0.5712,-0.5852,1.2394,0.3833,0.1564,1.845,1.2868,3.2604,1.4502,1.1241,2.1332,1.442,2.651,4.068,3.9835,2.0723,1.5809,2.9429,-0.2442,1.4836
B,3,-0.0627,-1.5498,0.775,3.0955,1.6833,3.9225,2.9303,2.3725,3.6468,1.5984,2.934,0.3483,2.288,4.8678,1.941,2.5033,1.1856,0.7338,0.1992,-0.7508,0.5119
B,3,1.4228,0.8769,-0.311,-2.2186,1.0412,-0.5652,0.2999,-1.6283,-0.1643,1.7846,1.8511,3.0037,4.7854,5.952,6.7077,4.7948,4.1361,2.3781,1.4313,1.3327,0.5412
B,3,1.0011,-0.7821,-0.7672,1.4283,-1.1991,1.7507,0.5479,0.4092,0.7415,1.0184,1.6114,4.8874,4.6175,5.5304,3.8849,3.0974,4.0435,3.884,2.4435,2.1333,0.035
B,3,-1.026,0.255,-1.3859,-0.1221,0.2458,-0.8048,-2.2066,-0.1708,3.6193,0.4434,2.2917,2.9807,2.5837,7.1368,4.8966,4.5595,4.1151,3.8704,-0.014,1.0187,-0.1221
B,3,0.1405,1.7924,0.8449,-0.0931,0.2672,0.1317,2.2066,0.3169,1.3371,0.7653,1.4966,1.1672,3.5722,2.3258,5.3384,5.2095,4.6043,3.1131,2.2059,2.8614,-2.1087
B,3,-1.1541,1.9772,0.2579,1.29,4.1947,3.2535,3.2856,4.2944,2.9985,5.0937,2.2371,0.7025,-0.5086,0.6127,2.4298,2.1991,0.4195,1.1567,-0.2395,0.5233,0.3636
B,3,-0.329,-1.1564,0.9157,-0.5053,1.3621,1.098,0.4279,0.8596,0.6547,0.3988,2.6178,2.6049,2.8281,4.0708,4.4061,3.6469,3.3864,3.1963,2.3957,1.8667,-0.6854
B,3,0.5588,0.0547,1.4502,-0.2592,-0.179,0.6697,2.312,1.0118,0.2255,3.821,2.2505,2.7186,3.3548,5.2821,6.1068,4.0186,4.0961,2.3785,-0.1117,1.8612,-0.102
B,3,-0.3842,0.3001,1.5844,-0.1824,-0.5217,-1.1816,1.8046,-0.1938,1.053,0.6816,0.347,4.5729,6.2371,3.1717,6.1153,6.0672,3.1544,3.2028,2.2864,-0.0059,0.925
B,3,-0.1307,0.9493,0.3272,0.2357,-0.5669,-0.7117,-0.0227,-1.6956,-2.0637,1.556,1.9284,3.1695,6.1649,5.6851,6.3922,5.4931,4.2236,3.9182,1.3635,1.4048,0.2113
B,3,0.4712,0.3541,2.3147,3.1165,5.0881,1.8801,5.0857,3.6294,2.3299,3.723,2.9631,0.9499,2.878,1.4995,0.5458,1.0005,0.8573,-1.0705,1.4734,-0.7296,1.949
B,3,0.2633,1.1432,2.1994,3.3097,3.428,3.791,6.5015,4.4408,4.0381,1.931,0.997,1.5638,-0.266,0.7797,-0.5232,1.0877,0.9288,-0.3183,0.5072,-0.5511,-1.2944
B,3,-1.0181,1.943,2.4033,2.0124,4.1971,1.5518,3.4243,3.3569,1.6644,2.573,0.6447,0.3638,2.392,1.6077,2.0518,3.0257,1.797,0.5015,0.3415,0.1599,1.7984
B,3,0.4096,1.8819,1.6993,2.4498,5.3317,3.8437,5.1124,4.5181,4.0139,1.7069,2.6427,0.5844,1.027,3.0156,1.7691,0.5054,1.3213,1.7574,-1.2987,0.3751,1.2525
B,3,0.006,-0.6074,0.2355,2.2696,-0.0334,2.3111,2.7592,1.7304,0.9504,0.391,0.5975,1.2005,3.8873,2.8773,4.2632,2.4031,2.9217,0.3883,1.9217,1.4061,1.2231
B,3,0.6838,-0.415,0.2968,1.1551,0.2483,0.4277,1.8963,1.9601,3.3948,-0.5012,2.0768,2.4004,3.4375,2.9839,3.3598,3.9596,3.843,0.9216,1.5914,2.2255,-0.1346
B,3,1.5163,2.1861,1.9386,4.2208,3.6431,4.1964,5.0415,5.27,4.4841,4.3782,0.619,1.0085,1.3274,-0.2644,3.3075,0.0991,1.7819,-0.8045,2.0799,-0.8533,0.1728
B,3,0.0247,0.8782,0.5996,0.9946,0.5113,2.0322,1.5127,0.7349,0.9517,1.8032,2.8477,1.0699,0.341,3.7193,3.5124,2.5441,3.1022,0.8245,0.4986,-0.7701,1.0803
B,3,-0.0825,-0.2724,0.3924,5.4606,4.931,4.3825,5.1717,7.0376,3.7557,2.8632,1.4995,0.4481,0.2317,0.9601,2.2025,-1.0058,-0.0742,0.5438,0.3823,0.4306,0.1756
B,3,-0.2409,-0.1414,-0.3886,0.2919,0.4976,-0.3667,-1.0528,-0.3472,0.4769,0.9106,2.076,4.8098,2.9875,7.0904,5.1698,4.1272,3.8217,3.9069,1.8822,2.5473,0.7817
B,3,1.0625,2.8006,1.74,2.3429,2.5529,3.9356,4.7875,4.599,2.9401,2.5496,1.9939,3.2891,0.9573,2.6256,2.0436,2.088,1.1029,1.5447,-1.9079,0.7617,-0.0832
B,3,-0.6349,-0.6586,0.6963,-1.1477,2.9794,1.3693,1.6108,0.063,-0.6401,-0.9233,2.1883,1.3575,3.4196,5.2816,5.8137,2.9594,4.5064,1.9968,0.8839,1.7544,0.5765
B,3,0.2765,1.89,1.4384,2.424,3.6317,3.586,3.0387,3.0986,4.4366,1.6413,2.5205,1.7119,1.2675,0.438,1.8107,0.7475,1.087,1.6056,0.588,-1.0382,0.6792
B,3,-1.3914,0.1096,1.2749,1.5569,3.0818,4.532,5.335,3.5416,3.3626,3.2649,1.9399,0.5374,1.5821,1.8492,2.9429,1.7803,1.4033,2.0017,0.2002,-1.0439,0.6325
B,3,0.1422,-0.6338,0.364,0.4941,0.5232,-1.8468,1.6137,0.3845,-1.3514,0.7605,2.5518,4.23,3.3811,4.422,9.1382,4.9291,4.1312,-0.6283,1.9741,2.4756,-0.075
B,3,1.8826,0.1421,0.1969,1.1615,3.0564,1.5162,1.6751,3.7232,0.8705,0.1534,3.1506,4.3039,3.714,1.5027,3.3228,2.0038,0.9483,0.9734,0.5914,0.6146,-0.5678
B,3,-0.7071,2.6637,-2.553,2.3892,3.5323,2.1015,3.8826,2.6481,1.2291,2.0314,1.8925,4.0195,1.7643,2.9236,3.0287,0.9878,0.5588,-0.3018,-0.1881,-0.7993,-0.1954
B,3,-0.3578,-0.7475,0.3855,0.6661,-0.1128,0.9232,0.8291,1.1257,0.8026,0.6922,3.3006,3.3425,5.328,4.6528,6.0703,2.7627,4.1851,1.0542,3.5908,2.324,0.6858
B,3,-0.4205,0.6673,0.7261,2.2411,1.8388,1.7543,2.361,2.4894,1.7681,1.5112,2.0164,0.556,2.7459,3.1444,3.2548,2.2251,3.9678,2.3216,2.6027,0.4246,-0.026
B,3,0.1358,0.4195,0.1425,1.7896,0.413,1.0464,1.2965,1.0857,3.4912,2.2288,0.7845,2.2247,3.4509,4.6234,3.6079,2.9582,2.2719,4.1604,1.9813,0.5683,-0.3319
B,3,1.2724,-0.9016,-1.2698,-0.4895,1.0428,1.2374,1.8938,0.0439,0.0694,0.7023,1.3451,2.1426,-0.0958,4.7649,5.3731,2.682,3.6944,1.0187,2.1569,2.4444,-1.3371
B,3,0.7682,1.1663,2.7259,2.9707,4.0832,2.9893,4.5551,2.1358,4.1632,3.5586,3.164,2.4874,0.3543,0.2432,0.4594,0.0182,-0.8939,1.6293,0.1494,-0.9844,-0.0907
B,3,1.2727,0.2399,0.1738,2.1517,2.8722,2.7022,1.1196,4.0944,3.679,0.6439,1.4571,2.1146,0.2551,2.3541,1.961,-0.167,1.9191,0.4443,-0.1779,-0.134,0.0138
B,3,-0.0927,-0.1865,-0.4731,0.1401,-1.4476,-0.1445,0.1141,-2.2464,-1.4247,0.6565,1.5262,4.6908,6.5513,5.5691,5.8842,5.0778,5.3823,1.6217,1.5364,1.7426,0.3445
B,3,-0.8472,0.1008,0.3986,0.9617,-0.2513,-0.3061,-0.0844,-1.6334,2.4735,2.8415,1.589,3.0303,4.0443,5.0991,5.3741,3.6042,3.6719,2.9393,2.8279,1.7193,-1.3497
B,3,1.8791,0.7313,1.3702,2.5348,0.9012,3.574,4.2043,3.8737,2.5858,0.1283,0.7452,0.9047,1.6978,1.9215,2.9875,1.8336,1.1377,1.368,1.1905,-0.4762,0.643
B,3,0.5518,1.4396,1.4916,1.6905,3.6229,1.6312,2.9198,2.8337,2.2852,2.9986,0.6698,2.2698,2.3717,2.9932,3.4815,1.7415,2.7647,2.59,1.0038,-0.1504,0.9805
B,3,-1.0226,0.8224,-1.1458,-0.5767,-0.871,0.6619,0.7624,2.2591,1.2596,1.2316,2.6595,1.5848,3.6788,3.4681,5.6638,5.5349,4.0735,2.3081,3.019,0.6546,0.2194
B,3,1.1129,0.2403,1.8793,1.7745,1.1216,1.0373,1.5063,0.9388,1.1038,1.3132,1.1849,1.8556,3.3183,2.7366,4.3371,4.5879,1.3848,2.3753,2.3748,1.9423,-0.3128
B,3,-3.051,-0.2,-0.0489,0.93,1.3388,2.2348,3.1414,1.8496,2.0137,-0.1691,1.2551,1.8031,3.5124,2.7885,4.0926,2.1429,2.4322,2.7223,1.2067,0.5091,0.3672
B,3,-1.721,-1.3707,1.0713,0.7834,2.324,2.2662,4.6375,4.2303,2.4568,3.6389,2.3839,1.9182,2.6448,2.704,3.4295,2.8426,1.9923,1.8853,2.4183,0.0741,0.4324
B,3,0.3856,0.2338,0.6186,1.4757,1.5986,3.7829,2.3336,2.4834,1.9257,1.7295,2.1072,1.5734,0.8052,2.5202,3.7176,2.5632,0.3136,2.8043,2.895,0.3668,-1.5041
B,3,0.7321,-2.3208,1.4139,2.1846,3.1223,2.613,2.7777,3.9262,2.6389,1.3453,2.5648,2.0524,2.0852,3.4045,3.3091,3.2847,3.322,3.1587,1.1693,-0.6528,-0.683
B,3,-0.1679,0.6504,1.4743,2.7656,3.8566,2.9215,3.9529,1.5484,1.6669,1.8572,0.6399,3.2756,3.0711,2.2085,3.338,3.3151,1.9642,3.9029,0.0712,-0.9809,0.3862
B,3,-0.9631,0.7323,1.733,3.3995,4.5995,4.5034,5.3276,4.6735,3.8453,2.8149,2.7085,1.5038,1.21,0.1453,0.6896,0.4335,0.0307,1.1552,2.1257,-0.1526,-1.1265
B,3,-0.9348,-0.7335,-0.659,-0.5226,1.3769,0.7661,-1.1932,-0.8171,0.4886,1.7036,0.8552,1.3223,5.2731,4.6606,6.2982,3.361,4.7106,2.2157,3.1126,-0.3047,0.0724
B,3,1.0786,2.2144,1.4807,1.2769,5.0216,4.9515,1.8627,2.638,3.3102,0.9277,1.8563,1.2258,-1.671,0.3956,0.8611,1.6158,-1.7107,0.7651,-1.6385,0.1361,0.58
B,3,-1.5078,1.3163,0.1449,1.0162,1.0904,2.8166,4.8668,3.8925,2.0374,2.2947,2.6723,1.5149,0.6523,3.7638,2.7138,2.8143,2.7373,3.2381,3.2302,1.965,0.5686
B,3,-0.5047,1.4293,2.8064,4.5294,5.5281,2.0094,4.6769,4.8997,4.3864,2.4511,1.9821,-0.9624,1.1262,-0.0553,-0.7835,-0.7936,0.547,-0.885,0.965,0.9618,0.4227
B,3,-0.6512,-0.004,2.0342,1.163,0.8454,0.6118,0.9245,1.2996,1.2362,2.2809,0.6926,2.2281,3.4288,2.717,6.0296,3.4067,4.4458,2.6932,0.0629,0.5311,-0.461
B,3,1.2504,-0.0058,-0.7315,1.0557,0.654,0.1487,0.9974,0.7419,2.0113,1.802,2.9537,2.3204,2.1826,3.9637,4.8332,2.5861,2.0081,1.8448,1.6523,-1.625,-0.978
B,3,-0.1966,-0.4307,0.8512,2.2372,2.4304,4.3035,5.3035,3.843,4.6968,2.6059,1.0138,1.6274,0.1021,2.1794,1.8481,-0.8707,-1.1039,0.9741,0.459,0.4444,0.6332
B,3,1.3169,1.0907,0.0602,1.9786,0.4469,1.3868,3.321,2.3808,1.8441,0.9006,3.0557,0.2397,2.3016,0.8332,2.953,1.2566,1.0626,0.3147,0.4425,-0.0417,-0.5831
B,3,1.8095,0.4273,0.7729,-0.741,0.9201,-1.2732,1.7099,0.2313,1.0161,2.2993,3.1482,2.9989,2.6186,2.3939,3.9919,1.0382,2.3317,1.9385,0.1893,1.2558,1.5493
B,3,0.1098,0.5208,1.5616,4.3217,3.4318,4.458,4.7345,4.5949,4.6447,4.0002,1.2729,2.6874,-0.4553,-0.3316,-0.4376,0.4964,-0.2338,-0.3869,-1.136,0.1199,-1.5719
B,3,-0.9861,2.0757,-1.3501,-1.1936,1.1619,1.346,0.7743,1.3941,2.3818,1.6423,0.2266,2.9043,2.6696,3.7794,4.5243,3.3528,2.7264,3.0963,1.6573,-0.475,0.1885
B,3,-0.0076,0.038,0.8951,5.0696,4.0164,5.7257,6.9335,4.8909,2.721,4.4727,0.8387,0.4746,1.6746,-0.0578,0.5571,-0.6403,0.4682,2.0484,0.4615,-1.0483,-0.4489
B,3,-0.1248,1.8805,0.3141,1.4587,3.0218,6.0562,4.5523,5.2945,4.7668,1.5876,0.8166,0.8413,-0.5551,0.9478,1.3694,-0.6393,0.9129,-2.4617,-1.6751,-1.2636,-0.5551
B,3,0.7832,0.9794,3.076,1.4029,2.2677,0.8953,2.212,1.3373,1.6803,1.7027,3.1625,2.0698,2.7775,3.2853,2.5646,3.645,2.5,0.956,1.2722,2.2749,1.8005
B,3,0.0785,0.6269,-0.5738,1.2681,0.449,1.5048,1.8207,1.9013,1.0341,0.37,3.44,2.8955,3.3494,2.7046,4.0351,3.4227,2.4681,2.9149,0.5617,-0.3701,0.6786
B,3,2.0296,-0.9813,0.3278,-1.0399,-0.2594,2.8255,0.1437,0.1095,0.2987,-0.7578,3.1079,2.2894,2.8186,3.9627,5.172,2.4287,4.4828,2.1914,1.8552,3.1164,-0.5695
B,3,0.1294,0.0568,-0.6108,-1.3903,0.3574,1.4824,2.1479,1.5672,-0.5893,1.7375,1.3871,4.0485,3.7529,3.5562,7.4051,2.6677,3.4035,4.8186,2.0226,1.8458,0.2524
B,3,0.2406,0.0195,2.0086,2.021,3.3518,2.9788,3.5367,3.1763,2.7772,2.2413,1.8624,1.1455,3.5517,1.5501,3.2364,1.2199,3.376,0.5204,2.2119,-1.0083,-0.0529
B,3,0.2158,0.5067,1.6231,2.2497,2.8914,3.9364,4.9421,5.7743,3.2278,5.1024,1.8309,1.1637,2.1918,1.2013,1.5664,1.771,1.3472,0.9414,-0.1284,0.5105,-0.5529
B,3,1.0968,3.5197,-0.9334,1.0575,1.5852,2.2026,3.1122,1.6805,1.9214,3.067,0.7145,3.5859,0.1592,2.2062,2.918,4.2127,2.0699,0.6806,1.1607,2.2799,0.1664
B,3,-0.9087,-0.8266,1.2067,2.3172,-0.4148,-0.1991,1.2421,2.8557,1.1785,2.6162,1.3037,3.878,5.23,4.4706,5.402,4.1152,3.9645,3.3698,4.0371,1.9447,-2.5156
B,3,1.0065,2.1562,3.2491,0.5493,1.9801,3.691,5.5585,2.5652,1.6846,2.6319,3.6303,1.8834,1.0012,2.3264,2.9605,2.5271,1.578,0.5332,0.1574,2.0353,-0.7657
B,3,0.247,1.0932,2.6289,2.5265,4.5826,3.8006,5.0722,4.767,1.1283,4.0547,1.2937,-0.046,-0.1036,1.7951,1.7212,0.1783,0.7424,-0.3141,2.0239,-0.6037,0.5213
B,3,0.9779,-0.1558,0.5696,1.1489,2.337,3.1104,3.562,1.139,-0.2963,1.4813,2.3619,2.2354,2.9906,3.4485,4.4212,1.3498,4.4571,2.8055,0.9206,-0.3457,-0.6379
B,3,-0.592,2.4468,1.533,0.6867,3.711,2.1784,3.8274,3.0866,2.7895,1.8974,1.5712,0.4305,0.7623,1.1715,2.4482,0.5919,3.7521,2.6717,1.1146,-0.3269,-1.4202
B,3,0.1996,-0.1535,1.3671,0.7158,1.9612,4.0608,4.1592,3.2116,1.5887,3.4567,3.175,2.438,0.5258,1.8437,1.6921,0.1126,1.5053,0.9452,1.2889,-0.4175,-1.6422
B,3,-0.8334,-1.5159,0.992,0.2377,-0.3477,1.0263,-0.3312,0.1111,-0.6926,1.2293,2.8375,3.6332,3.9569,4.2641,5.0099,3.5236,4.1759,4.1627,-0.4728,1.6417,1.0365
B,3,1.8322,1.5239,0.193,2.1902,1.1357,1.9181,2.4479,2.5527,1.0561,2.2309,0.496,0.7032,2.5416,4.0757,3.4958,0.2905,1.4473,0.792,-0.4767,0.4737,0.4646
B,3,-0.2248,-0.9754,-1.5497,0.4686,-0.2385,0.9917,-1.3174,-0.9362,-0.2379,1.4038,-0.1121,3.1038,2.9556,3.2085,5.285,4.6019,3.3658,3.9523,0.8366,3.002,0.8562
B,3,0.959,2.022,3.1748,1.5059,4.1232,2.3827,6.7113,3.4143,0.8913,3.4787,1.1469,0.7852,-0.3446,1.3944,1.36,2.7391,1.5475,1.0062,0.7496,1.0116,0.2592
B,3,1.7773,-2.4352,-0.8839,1.5845,-0.4575,0.2732,-1.3045,1.5842,-0.7384,1.2243,3.3747,1.6413,4.2185,4.0036,6.4585,4.6047,4.3479,4.3592,2.0214,0.7309,-1.085
B,3,-0.3341,1.8648,0.4758,0.8975,4.0908,2.7309,3.3441,3.6785,2.0035,2.7424,1.3156,1.3633,1.8094,0.1918,3.4045,1.7424,1.3769,1.1196,0.8958,0.4879,1.3034
B,3,0.7463,0.0582,-0.2184,3.3381,2.7525,3.6433,5.9017,3.4017,3.7708,3.4504,1.8726,1.4059,1.4687,1.2537,1.0362,0.7015,1.5765,-0.0787,-0.9458,0.12,-0.1431
B,3,0.936,0.9969,1.9886,3.639,2.2836,5.3444,6.0705,4.7725,4.2794,3.8071,2.1513,0.2185,-1.259,0.3824,0.4268,-0.573,0.697,1.7613,-0.3291,1.6587,-0.9861
B,3,-0.7171,1.8216,-0.4932,1.2713,0.9537,-0.876,3.1853,2.5079,0.7402,0.9995,1.9743,0.536,3.5378,4.1916,5.6782,3.6157,3.1413,3.132,1.7078,0.7372,-0.931
B,3,1.1089,0.3818,1.9018,1.1986,1.7982,0.8978,1.2894,0.5794,1.0009,1.2853,2.6872,2.4821,1.674,3.2949,3.9951,5.0551,2.0503,2.9882,0.442,0.9129,-1.1123
B,3,0.9929,-0.8294,2.4879,2.9848,3.4754,2.1829,3.3133,2.7825,2.7211,1.3382,2.5981,1.3916,1.4907,2.2869,3.715,0.384,2.8549,0.6324,1.5182,1.0035,0.5413
B,3,0.0289,0.7332,2.1283,2.385,2.5421,2.9879,3.2257,0.7947,3.4336,2.0478,3.1856,1.47,0.7346,2.4204,2.1612,3.6828,3.2503,0.8433,0.6614,-0.4838,0.8712
B,3,0.6904,-0.3037,0.9308,-0.2612,2.9298,4.3355,4.1064,3.8539,3.6457,2.0987,2.3685,0.3506,1.1325,2.5296,2.834,4.6335,1.9411,0.8708,0.2278,-0.4357,-1.7818
B,3,0.9792,0.8749,2.3205,3.9198,4.7542,5.0688,4.5682,4.7715,3.4408,3.8321,2.9165,-1.1965,-0.1625,0.4002,1.4973,2.8906,0.1224,1.1692,0.051,-1.0169,-0.8237
B,3,0.9075,0.0386,-1.6208,-0.4669,1.2945,0.418,-0.0555,-1.9214,1.2548,1.0566,2.3718,3.6725,5.1766,4.5456,6.3155,4.9272,5.7146,2.165,2.3646,0.173,1.8335
B,3,-1.2336,0.8153,-0.1462,1.1156,2.9085,3.4443,2.9102,3.5602,3.6717,3.3098,1.5771,1.3762,1.0185,3.3889,1.2525,3.8537,2.3406,2.3936,1.8471,0.5948,1.4193
B,3,-0.47,-1.0052,1.0276,-0.2951,1.518,2.016,-0.7627,-0.6358,0.8124,0.3064,1.7083,2.4339,2.5,4.082,4.6438,5.0627,4.5746,2.6393,1.0512,3.2002,-0.471
